frame,t,knob_x,knob_y,knob_method,base_x,base_y,ring_r,base_method,knob_dist,knob_angle_deg,hole_vx,hole_vy,hole_speed,travel_angle_deg
271,4.5386,659.0,2145.0,H,660.0,2146.0,165.0,H,1.4,-135.0,,,,
272,4.5554,659.0,2143.0,H,658.0,2150.0,169.0,H,7.1,-81.9,,,,
273,4.5722,661.0,2143.0,H,658.0,2146.0,165.0,H,4.2,-45.0,,,,
274,4.589,661.0,2143.0,H,658.0,2150.0,169.0,H,7.6,-66.8,,,,
275,4.6058,659.0,2145.0,H,660.0,2150.0,160.60000610351562,H,5.1,-101.3,,,,
276,4.6226,661.0,2143.0,H,658.0,2148.0,169.0,H,5.8,-59.0,,,,
277,4.6394,659.0,2145.0,H,660.0,2150.0,160.60000610351562,H,5.1,-101.3,,,,
278,4.6562,659.0,2145.0,H,660.0,2150.0,160.60000610351562,H,5.1,-101.3,,,,
279,4.6731,659.0,2145.0,H,660.0,2150.0,160.60000610351562,H,5.1,-101.3,,,,
280,4.6899,659.0,2145.0,H,660.0,2150.0,160.60000610351562,H,5.1,-101.3,,,,
281,4.7067,659.0,2143.0,H,658.0,2150.0,169.39999389648438,H,7.1,-81.9,,,,
282,4.7235,659.0,2143.0,H,658.0,2150.0,169.39999389648438,H,7.1,-81.9,,,,
283,4.7403,659.0,2143.0,H,658.0,2150.0,169.39999389648438,H,7.1,-81.9,,,,
284,4.7571,659.0,2143.0,H,658.0,2150.0,169.39999389648438,H,7.1,-81.9,,,,
285,4.7739,659.0,2143.0,H,658.0,2150.0,169.39999389648438,H,7.1,-81.9,0.0,-0.01,0.01,-88.5
286,4.7907,659.0,2143.0,H,658.0,2150.0,169.39999389648438,H,7.1,-81.9,0.0,-0.01,0.01,-72.5
287,4.8075,659.0,2143.0,H,658.0,2150.0,169.39999389648438,H,7.1,-81.9,0.0,-0.01,0.01,-61.9
288,4.8243,659.0,2143.0,H,658.0,2150.0,169.39999389648438,H,7.1,-81.9,0.0,-0.01,0.01,-70.2
289,4.8411,659.0,2143.0,H,658.0,2150.0,169.39999389648438,H,7.1,-81.9,-0.0,-0.01,0.01,-93.7
290,4.858,659.0,2143.0,H,658.0,2150.0,169.39999389648438,H,7.1,-81.9,0.0,-0.0,0.0,-48.6
291,4.8748,659.0,2143.0,H,658.0,2150.0,169.39999389648438,H,7.1,-81.9,-0.0,-0.0,0.0,-113.5
292,4.8916,659.0,2143.0,H,658.0,2150.0,169.39999389648438,H,7.1,-81.9,0.0,-0.0,0.0,-90.0
293,4.9084,659.0,2143.0,H,658.0,2150.0,169.39999389648438,H,7.1,-81.9,-0.0,-0.0,0.0,-121.0
294,4.9252,659.0,2143.0,H,658.0,2150.0,169.39999389648438,H,7.1,-81.9,-0.0,-0.0,0.0,-112.8
295,4.942,659.0,2143.0,H,658.0,2150.0,169.39999389648438,H,7.1,-81.9,-0.0,-0.0,0.0,-159.3
296,4.9588,659.0,2143.0,H,662.0,2154.0,165.0,H,11.4,-105.3,-0.0,0.0,0.0,91.7
297,4.9756,659.0,2143.0,H,662.0,2154.0,165.0,H,11.4,-105.3,-0.0,-0.0,0.0,-153.0
298,4.9924,659.0,2143.0,H,662.0,2154.0,165.0,H,11.4,-105.3,-0.0,-0.0,0.0,-139.6
299,5.0092,659.0,2143.0,H,662.0,2154.0,165.0,H,11.4,-105.3,-0.0,-0.0,0.0,-163.9
300,5.0261,659.0,2143.0,H,662.0,2154.0,165.0,H,11.4,-105.3,-0.0,-0.0,0.0,-136.3
301,5.0429,657.0,2143.0,H,660.0,2150.0,160.60000610351562,H,7.6,-113.2,-0.0,-0.0,0.0,-92.3
302,5.0597,657.0,2143.0,H,660.0,2150.0,160.60000610351562,H,7.6,-113.2,-0.0,-0.0,0.0,-100.0
303,5.0765,657.0,2143.0,H,660.0,2150.0,160.60000610351562,H,7.6,-113.2,-0.0,-0.0,0.0,-118.5
304,5.0933,657.0,2143.0,H,660.0,2150.0,160.60000610351562,H,7.6,-113.2,-0.0,-0.01,0.01,-101.3
305,5.1101,657.0,2143.0,H,660.0,2150.0,160.60000610351562,H,7.6,-113.2,-0.01,-0.0,0.01,-167.4
306,5.1269,657.0,2143.0,H,660.0,2150.0,160.60000610351562,H,7.6,-113.2,-0.0,0.01,0.01,105.2
307,5.1437,657.0,2143.0,H,660.0,2150.0,160.60000610351562,H,7.6,-113.2,-0.01,0.01,0.02,114.3
308,5.1605,657.0,2143.0,H,660.0,2150.0,160.60000610351562,H,7.6,-113.2,-0.0,-0.0,0.0,-91.3
309,5.1773,657.0,2143.0,H,660.0,2150.0,160.60000610351562,H,7.6,-113.2,-0.0,-0.0,0.0,-148.7
310,5.1942,657.0,2143.0,H,660.0,2150.0,160.60000610351562,H,7.6,-113.2,-0.01,-0.0,0.01,-177.9
311,5.211,657.0,2143.0,H,660.0,2150.0,160.60000610351562,H,7.6,-113.2,0.0,-0.01,0.01,-70.1
312,5.2278,657.0,2143.0,H,660.0,2150.0,160.60000610351562,H,7.6,-113.2,-0.0,-0.01,0.01,-95.6
313,5.2446,657.0,2143.0,H,660.0,2150.0,160.60000610351562,H,7.6,-113.2,-0.01,-0.01,0.01,-120.0
314,5.2614,959.0,2025.0,H,958.0,2032.0,160.60000610351562,H,7.1,-81.9,0.03,-0.08,0.08,-70.1
315,5.2782,959.0,2025.0,H,956.0,2032.0,160.39999389648438,H,7.6,-66.8,-0.06,-0.09,0.11,-126.2
316,5.295,957.0,2025.0,H,960.0,2032.0,164.8000030517578,H,7.6,-113.2,-0.09,-0.19,0.21,-116.0
317,5.3118,957.0,2023.0,H,960.0,2032.0,164.8000030517578,H,9.5,-108.4,0.02,-0.07,0.08,-75.0
318,5.3286,957.0,2023.0,H,960.0,2032.0,164.8000030517578,H,9.5,-108.4,0.04,-0.21,0.21,-78.1
319,5.3454,981.0,2005.0,H,960.0,2034.0,164.8000030517578,H,35.8,-54.1,0.07,-0.14,0.15,-61.1
320,5.3622,985.0,2003.0,H,956.0,2032.0,169.0,H,41.0,-45.0,0.04,-0.29,0.3,-82.6
321,5.3791,987.0,1997.0,H,956.0,2032.0,160.39999389648438,H,46.8,-48.5,0.09,-0.19,0.21,-64.2
322,5.3959,995.0,1991.0,H,956.0,2032.0,169.0,H,56.6,-46.4,-0.08,-0.46,0.47,-100.2
323,5.4127,997.0,1983.0,H,956.0,2032.0,162.1999969482422,H,63.9,-50.1,0.27,-0.44,0.52,-58.7
324,5.4295,1003.0,1979.0,H,958.0,2028.0,165.0,H,66.5,-47.4,-0.11,-0.29,0.32,-110.9
325,5.4463,1007.0,1969.0,H,956.0,2032.0,160.39999389648438,H,81.1,-51.0,0.02,-0.29,0.29,-85.5
326,5.4631,1009.0,1965.0,H,958.0,2030.0,169.39999389648438,H,82.6,-51.9,0.01,-0.21,0.21,-86.7
327,5.4799,1011.0,1961.0,H,958.0,2032.0,169.0,H,88.6,-53.3,-0.09,-0.22,0.24,-111.8
328,5.4967,1015.0,1957.0,H,960.0,2032.0,165.0,H,93.0,-53.7,-0.0,-0.29,0.29,-90.8
329,5.5135,1015.0,1951.0,H,956.0,2032.0,160.39999389648438,H,100.2,-53.9,-0.05,-0.36,0.37,-98.1
330,5.5303,1017.0,1945.0,H,956.0,2032.0,160.60000610351562,H,106.3,-55.0,-0.13,-0.41,0.43,-107.4
331,5.5472,1015.0,1943.0,H,956.0,2032.0,160.60000610351562,H,106.8,-56.5,0.03,-0.39,0.39,-85.0
332,5.564,1017.0,1935.0,H,952.0,2030.0,165.0,H,115.1,-55.6,0.14,-0.42,0.44,-71.8
333,5.5808,1015.0,1929.0,H,956.0,2028.0,165.0,H,115.2,-59.2,-0.1,-0.66,0.67,-98.5
334,5.5976,1015.0,1919.0,H,956.0,2032.0,160.60000610351562,H,127.5,-62.4,0.17,-0.46,0.49,-69.1
335,5.6144,1009.0,1905.0,H,956.0,2032.0,160.39999389648438,H,137.6,-67.3,0.18,-0.62,0.65,-73.6
336,5.6312,1001.0,1891.0,H,958.0,2030.0,169.39999389648438,H,145.5,-72.8,0.42,-0.66,0.78,-57.5
337,5.648,993.0,1877.0,H,960.0,2030.0,164.8000030517578,H,156.5,-77.8,0.29,-0.83,0.88,-70.7
338,5.6648,987.0,1859.0,H,956.0,2030.0,160.60000610351562,H,173.8,-79.7,0.29,-1.05,1.08,-74.7
339,5.6816,983.0,1855.0,H,956.0,2028.0,169.39999389648438,H,175.1,-81.1,0.26,-1.19,1.22,-77.6
340,5.6984,977.0,1851.0,H,958.0,2026.0,160.60000610351562,H,176.0,-83.8,0.4,-1.38,1.43,-73.9
341,5.7152,973.0,1843.0,H,962.0,2018.0,165.0,H,175.3,-86.4,0.45,-1.81,1.86,-76.1
342,5.7321,969.0,1831.0,H,960.0,2008.0,160.39999389648438,H,177.2,-87.1,1.03,-1.05,1.47,-45.5
343,5.7489,971.0,1821.0,H,960.0,1998.0,169.1999969482422,H,177.3,-86.4,0.96,-1.57,1.84,-58.4
344,5.7657,969.0,1813.0,H,960.0,1990.0,165.0,H,177.2,-87.1,1.12,-1.84,2.16,-58.8
345,5.7825,969.0,1801.0,H,966.0,1978.0,165.0,H,177.0,-89.0,0.34,-1.12,1.17,-73.3
346,5.7993,969.0,1791.0,H,962.0,1966.0,169.1999969482422,H,175.1,-87.7,0.48,-1.9,1.96,-75.7
347,5.8161,969.0,1781.0,H,964.0,1958.0,166.8000030517578,H,177.1,-88.4,0.58,-2.22,2.3,-75.3
348,5.8329,969.0,1775.0,H,964.0,1948.0,162.1999969482422,H,173.1,-88.3,0.57,-2.35,2.42,-76.3
349,5.8497,973.0,1765.0,H,968.0,1944.0,165.0,H,179.1,-88.4,0.68,-2.47,2.56,-74.6
350,5.8665,971.0,1763.0,H,960.0,1938.0,165.0,H,175.3,-86.4,0.72,-2.87,2.96,-76.0
351,5.8833,971.0,1757.0,H,960.0,1934.0,165.0,H,177.3,-86.4,0.7,-3.13,3.2,-77.4
352,5.9002,971.0,1757.0,H,964.0,1932.0,160.60000610351562,H,175.1,-87.7,0.89,-3.49,3.61,-75.7
353,5.917,971.0,1753.0,H,960.0,1924.0,164.8000030517578,H,171.4,-86.3,0.68,-3.73,3.8,-79.6
354,5.9338,971.0,1749.0,H,960.0,1924.0,164.8000030517578,H,175.3,-86.4,0.6,-3.72,3.77,-80.8
355,5.9506,973.0,1747.0,H,964.0,1920.0,169.0,H,173.2,-87.0,1.12,-4.21,4.35,-75.1
356,5.9674,973.0,1743.0,H,964.0,1914.0,165.0,H,171.2,-87.0,1.06,-4.65,4.77,-77.2
357,5.9842,975.0,1741.0,H,964.0,1918.0,160.1999969482422,H,177.3,-86.4,0.9,-4.87,4.95,-79.6
358,6.001,977.0,1739.0,H,968.0,1916.0,164.8000030517578,H,177.2,-87.1,1.07,-5.51,5.61,-79.0
359,6.0178,983.0,1739.0,H,964.0,1914.0,160.1999969482422,H,176.0,-83.8,0.94,-5.95,6.03,-81.0
360,6.0346,989.0,1739.0,H,964.0,1914.0,160.60000610351562,H,176.8,-81.9,1.15,-5.88,5.99,-79.0
361,6.0514,999.0,1739.0,H,964.0,1906.0,165.0,H,170.6,-78.2,1.05,-6.65,6.74,-81.0
362,6.0682,1005.0,1739.0,H,966.0,1910.0,169.1999969482422,H,175.4,-77.2,1.33,-7.02,7.14,-79.3
363,6.0851,1011.0,1739.0,H,960.0,1908.0,164.39999389648438,H,176.5,-73.2,1.46,-7.18,7.33,-78.5
364,6.1019,1019.0,1739.0,H,970.0,1908.0,164.8000030517578,H,176.0,-73.8,1.74,-7.72,7.91,-77.3
365,6.1187,1025.0,1743.0,H,966.0,1906.0,160.1999969482422,H,173.3,-70.1,1.96,-8.2,8.43,-76.6
366,6.1355,1031.0,1741.0,H,970.0,1904.0,165.0,H,174.0,-69.5,2.54,-8.45,8.82,-73.3
367,6.1523,1037.0,1741.0,H,968.0,1902.0,160.39999389648438,H,175.2,-66.8,2.5,-8.79,9.14,-74.1
368,6.1691,1039.0,1743.0,H,968.0,1898.0,160.60000610351562,H,170.5,-65.4,2.98,-9.19,9.66,-72.0
369,6.1859,1043.0,1739.0,H,968.0,1900.0,168.1999969482422,H,177.6,-65.0,3.25,-9.58,10.11,-71.3
370,6.2027,1045.0,1739.0,H,968.0,1896.0,168.0,H,174.9,-63.9,3.73,-9.89,10.57,-69.3
371,6.2195,1045.0,1739.0,H,968.0,1896.0,168.0,H,174.9,-63.9,3.92,-9.84,10.6,-68.3
372,6.2363,1045.0,1739.0,H,968.0,1896.0,168.0,H,174.9,-63.9,4.48,-10.34,11.27,-66.6
373,6.2532,1045.0,1737.0,H,966.0,1894.0,165.1999969482422,H,175.8,-63.3,4.67,-10.29,11.3,-65.6
374,6.27,1045.0,1737.0,H,966.0,1892.0,164.1999969482422,H,174.0,-63.0,5.02,-10.78,11.89,-65.1
375,6.2868,1043.0,1737.0,H,970.0,1896.0,167.8000030517578,H,175.0,-65.3,5.3,-11.04,12.25,-64.4
376,6.3036,1043.0,1737.0,H,970.0,1896.0,167.8000030517578,H,175.0,-65.3,5.67,-11.37,12.71,-63.5
377,6.3204,1047.0,1735.0,H,970.0,1896.0,168.1999969482422,H,178.5,-64.4,5.75,-11.0,12.41,-62.4
378,6.3372,1047.0,1737.0,H,966.0,1892.0,165.0,H,174.9,-62.4,6.16,-11.06,12.66,-60.9
379,6.354,1049.0,1731.0,H,966.0,1892.0,165.0,H,181.1,-62.7,6.21,-10.84,12.49,-60.2
380,6.3708,1047.0,1735.0,H,970.0,1896.0,160.60000610351562,H,178.5,-64.4,6.24,-10.99,12.63,-60.4
381,6.3876,1047.0,1735.0,H,966.0,1892.0,164.39999389648438,H,176.7,-62.7,6.05,-11.47,12.97,-62.2
382,6.4044,1043.0,1735.0,H,974.0,1894.0,164.8000030517578,H,173.3,-66.5,6.52,-11.57,13.28,-60.6
383,6.4212,1033.0,1729.0,H,970.0,1892.0,169.0,H,174.8,-68.9,6.39,-11.13,12.83,-60.2
384,6.4381,1013.0,1721.0,H,972.0,1890.0,168.8000030517578,H,173.9,-76.4,6.32,-10.98,12.67,-60.1
385,6.4549,995.0,1711.0,H,972.0,1886.0,168.60000610351562,H,176.5,-82.5,6.12,-11.13,12.7,-61.2
386,6.4717,981.0,1703.0,H,974.0,1878.0,160.1999969482422,H,175.1,-87.7,5.54,-10.9,12.23,-63.1
387,6.4885,967.0,1691.0,H,970.0,1866.0,164.8000030517578,H,175.0,-91.0,4.9,-11.02,12.06,-66.0
388,6.5053,953.0,1681.0,H,970.0,1854.0,164.8000030517578,H,173.8,-95.6,3.71,-11.18,11.78,-71.6
389,6.5221,941.0,1667.0,H,974.0,1840.0,161.8000030517578,H,176.1,-100.8,2.54,-11.16,11.44,-77.2
390,6.5389,931.0,1657.0,H,974.0,1826.0,162.1999969482422,H,174.4,-104.3,2.13,-11.13,11.33,-79.2
391,6.5557,919.0,1647.0,H,970.0,1812.0,169.0,H,172.7,-107.2,1.3,-11.17,11.25,-83.4
392,6.5725,907.0,1635.0,H,966.0,1800.0,162.1999969482422,H,175.2,-109.7,0.46,-11.15,11.16,-87.6
393,6.5893,899.0,1623.0,H,962.0,1786.0,169.0,H,174.8,-111.1,-0.78,-11.38,11.4,-93.9
394,6.6062,889.0,1615.0,H,962.0,1772.0,165.0,H,173.1,-114.9,-1.54,-11.14,11.24,-97.9
395,6.623,881.0,1605.0,H,954.0,1762.0,168.8000030517578,H,173.1,-114.9,-2.22,-10.97,11.2,-101.4
396,6.6398,873.0,1595.0,H,948.0,1752.0,162.39999389648438,H,174.0,-115.5,-2.67,-11.12,11.44,-103.5
397,6.6566,869.0,1589.0,H,946.0,1744.0,168.8000030517578,H,173.1,-116.4,-3.4,-11.09,11.6,-107.0
398,6.6734,865.0,1583.0,H,942.0,1740.0,167.1999969482422,H,174.9,-116.1,-4.03,-10.75,11.48,-110.5
399,6.6902,863.0,1577.0,H,940.0,1734.0,160.60000610351562,H,174.9,-116.1,-4.51,-10.5,11.43,-113.3
400,6.707,859.0,1575.0,H,944.0,1730.0,164.8000030517578,H,176.8,-118.7,-5.05,-10.74,11.87,-115.2
401,6.7238,859.0,1573.0,H,938.0,1728.0,160.1999969482422,H,174.0,-117.0,-5.36,-10.45,11.74,-117.1
402,6.7406,857.0,1571.0,H,938.0,1726.0,169.1999969482422,H,174.9,-117.6,-5.85,-10.38,11.92,-119.4
403,6.7574,857.0,1569.0,H,938.0,1724.0,160.1999969482422,H,174.9,-117.6,-5.65,-10.24,11.69,-118.9
404,6.7742,857.0,1569.0,H,940.0,1720.0,165.0,H,172.3,-118.8,-6.14,-10.37,12.05,-120.6
405,6.7911,855.0,1569.0,H,932.0,1724.0,165.0,H,173.1,-116.4,-6.19,-10.39,12.09,-120.8
406,6.8079,857.0,1567.0,H,934.0,1726.0,165.0,H,176.7,-115.8,-6.47,-10.59,12.41,-121.4
407,6.8247,855.0,1565.0,H,936.0,1722.0,160.1999969482422,H,176.7,-117.3,-6.62,-10.45,12.37,-122.4
408,6.8415,855.0,1565.0,H,932.0,1722.0,164.8000030517578,H,174.9,-116.1,-6.74,-10.3,12.31,-123.2
409,6.8583,855.0,1565.0,H,934.0,1720.0,162.0,H,174.0,-117.0,-6.67,-10.25,12.23,-123.1
410,6.8751,855.0,1565.0,H,934.0,1714.0,166.8000030517578,H,168.6,-117.9,-6.77,-10.55,12.53,-122.7
411,6.8919,855.0,1563.0,H,934.0,1720.0,168.8000030517578,H,175.8,-116.7,-6.77,-10.79,12.73,-122.1
412,6.9087,857.0,1565.0,H,932.0,1718.0,170.1999969482422,H,170.4,-116.1,-6.81,-10.77,12.75,-122.3
413,6.9255,853.0,1563.0,H,932.0,1718.0,170.1999969482422,H,174.0,-117.0,-6.76,-10.72,12.67,-122.2
414,6.9423,857.0,1563.0,H,936.0,1714.0,164.0,H,170.4,-117.6,-6.75,-10.34,12.35,-123.1
415,6.9592,857.0,1561.0,H,936.0,1716.0,164.60000610351562,H,174.0,-117.0,-6.8,-10.57,12.57,-122.8
416,6.976,859.0,1561.0,H,934.0,1716.0,161.39999389648438,H,172.2,-115.8,-6.84,-10.25,12.32,-123.7
417,6.9928,865.0,1555.0,H,934.0,1716.0,169.0,H,175.2,-113.2,-6.75,-10.29,12.31,-123.3
418,7.0096,873.0,1553.0,H,932.0,1714.0,169.39999389648438,H,171.5,-110.1,-6.56,-10.59,12.46,-121.8
419,7.0264,879.0,1549.0,H,932.0,1714.0,161.60000610351562,H,173.3,-107.8,-6.31,-10.16,11.96,-121.9
420,7.0432,885.0,1545.0,H,932.0,1716.0,161.60000610351562,H,177.3,-105.4,-6.43,-10.85,12.61,-120.7
421,7.06,891.0,1543.0,H,930.0,1712.0,168.60000610351562,H,173.4,-103.0,-5.53,-9.86,11.31,-119.3
422,7.0768,895.0,1541.0,H,930.0,1712.0,168.60000610351562,H,174.5,-101.6,-5.72,-10.64,12.08,-118.2
423,7.0936,897.0,1539.0,H,930.0,1710.0,160.60000610351562,H,174.2,-100.9,-5.19,-10.88,12.05,-115.5
424,7.1104,899.0,1537.0,H,930.0,1708.0,161.60000610351562,H,173.8,-100.3,-4.74,-11.17,12.14,-113.0
425,7.1272,903.0,1535.0,H,926.0,1708.0,164.1999969482422,H,174.5,-97.6,-4.52,-11.09,11.98,-112.2
426,7.1441,905.0,1533.0,H,930.0,1706.0,169.0,H,174.8,-98.2,-4.12,-11.26,11.99,-110.1
427,7.1609,905.0,1531.0,H,930.0,1706.0,159.8000030517578,H,176.8,-98.1,-3.87,-11.26,11.91,-109.0
428,7.1777,903.0,1529.0,H,930.0,1704.0,160.1999969482422,H,177.1,-98.8,-3.41,-10.85,11.37,-107.5
429,7.1945,903.0,1529.0,H,932.0,1702.0,164.39999389648438,H,175.4,-99.5,-3.37,-11.36,11.85,-106.5
430,7.2113,903.0,1529.0,H,924.0,1702.0,164.39999389648438,H,174.3,-96.9,-3.2,-11.52,11.95,-105.5
431,7.2281,903.0,1527.0,H,924.0,1702.0,164.8000030517578,H,176.3,-96.8,-2.88,-11.36,11.72,-104.2
432,7.2449,903.0,1527.0,H,930.0,1700.0,166.8000030517578,H,175.1,-98.9,-2.65,-11.3,11.6,-103.2
433,7.2617,905.0,1527.0,H,928.0,1698.0,168.60000610351562,H,172.5,-97.7,-2.67,-10.95,11.27,-103.7
434,7.2785,905.0,1523.0,H,928.0,1696.0,168.60000610351562,H,174.5,-97.6,-2.44,-11.27,11.53,-102.2
435,7.2953,905.0,1523.0,H,928.0,1702.0,164.60000610351562,H,180.5,-97.3,-2.28,-11.29,11.52,-101.4
436,7.3122,907.0,1523.0,H,928.0,1696.0,160.8000030517578,H,174.3,-96.9,-1.88,-10.77,10.93,-99.9
437,7.329,907.0,1523.0,H,924.0,1698.0,164.1999969482422,H,175.8,-95.5,-2.43,-11.35,11.61,-102.1
438,7.3458,907.0,1521.0,H,928.0,1694.0,161.39999389648438,H,174.3,-96.9,-2.13,-11.66,11.85,-100.4
439,7.3626,909.0,1521.0,H,926.0,1694.0,168.60000610351562,H,173.8,-95.6,-2.1,-11.33,11.52,-100.5
440,7.3794,909.0,1519.0,H,926.0,1694.0,168.60000610351562,H,175.8,-95.5,-1.77,-11.14,11.28,-99.0
441,7.3962,909.0,1519.0,H,928.0,1692.0,168.60000610351562,H,174.0,-96.3,-1.79,-11.15,11.29,-99.1
442,7.413,913.0,1517.0,H,926.0,1692.0,169.0,H,175.5,-94.2,-1.87,-11.3,11.46,-99.4
443,7.4298,913.0,1519.0,H,928.0,1692.0,168.39999389648438,H,173.6,-95.0,-1.24,-10.63,10.7,-96.6
444,7.4466,913.0,1517.0,H,928.0,1692.0,161.1999969482422,H,175.6,-94.9,-1.44,-11.02,11.12,-97.5
445,7.4634,913.0,1517.0,H,928.0,1692.0,168.39999389648438,H,175.6,-94.9,-1.63,-11.5,11.61,-98.1
446,7.4802,913.0,1517.0,H,928.0,1690.0,161.1999969482422,H,173.6,-95.0,-1.29,-11.13,11.2,-96.6
447,7.4971,915.0,1515.0,H,928.0,1690.0,160.8000030517578,H,175.5,-94.2,-1.67,-11.29,11.42,-98.4
448,7.5139,915.0,1515.0,H,926.0,1688.0,168.39999389648438,H,173.3,-93.6,-1.5,-11.58,11.68,-97.4
449,7.5307,919.0,1515.0,H,928.0,1690.0,160.0,H,175.2,-92.9,-2.56,-10.95,11.25,-103.2
450,7.5475,919.0,1513.0,H,928.0,1688.0,161.39999389648438,H,175.2,-92.9,-1.44,-11.12,11.21,-97.4
451,7.5643,923.0,1511.0,H,928.0,1688.0,168.39999389648438,H,177.1,-91.6,-1.65,-10.7,10.82,-98.7
452,7.5811,925.0,1511.0,H,926.0,1686.0,168.60000610351562,H,175.0,-90.3,-2.57,-10.71,11.01,-103.5
453,7.5979,927.0,1511.0,H,926.0,1684.0,169.0,H,173.0,-89.7,-1.03,-11.57,11.62,-95.1
454,7.6147,931.0,1509.0,H,924.0,1682.0,164.39999389648438,H,173.1,-87.7,-1.15,-11.45,11.51,-95.7
455,7.6315,933.0,1507.0,H,928.0,1684.0,168.1999969482422,H,177.1,-88.4,-1.45,-10.83,10.93,-97.6
456,7.6483,935.0,1505.0,H,926.0,1682.0,161.8000030517578,H,177.2,-87.1,-0.47,-11.07,11.08,-92.4
457,7.6652,937.0,1505.0,H,928.0,1682.0,159.60000610351562,H,177.2,-87.1,-1.78,-11.32,11.46,-99.0
458,7.682,937.0,1505.0,H,928.0,1680.0,161.39999389648438,H,175.2,-87.1,1.14,-11.41,11.46,-84.3
459,7.6988,939.0,1503.0,H,924.0,1676.0,164.8000030517578,H,173.6,-85.0,0.51,-11.52,11.54,-87.4
460,7.7156,941.0,1505.0,H,928.0,1676.0,168.60000610351562,H,171.5,-85.7,0.13,-11.76,11.76,-89.3
461,7.7324,941.0,1501.0,H,926.0,1676.0,168.39999389648438,H,175.6,-85.1,0.79,-11.41,11.44,-86.1
462,7.7492,941.0,1501.0,H,926.0,1674.0,169.0,H,173.6,-85.0,1.15,-11.5,11.56,-84.3
463,7.766,943.0,1501.0,H,930.0,1678.0,164.8000030517578,H,177.5,-85.8,1.14,-11.23,11.28,-84.2
464,7.7828,943.0,1501.0,H,928.0,1676.0,168.39999389648438,H,175.6,-85.1,1.18,-11.07,11.13,-83.9
465,7.7996,943.0,1501.0,H,928.0,1670.0,165.0,H,169.7,-84.9,1.68,-11.03,11.16,-81.3
466,7.8164,943.0,1501.0,H,928.0,1670.0,165.0,H,169.7,-84.9,-0.0,-0.0,0.0,-180.0
467,7.8332,943.0,1501.0,H,928.0,1670.0,165.0,H,169.7,-84.9,-0.0,-0.0,0.0,-180.0
468,7.8501,943.0,1501.0,H,928.0,1670.0,165.0,H,169.7,-84.9,-0.0,-0.0,0.0,-180.0
469,7.8669,945.0,1499.0,H,928.0,1674.0,168.8000030517578,H,175.8,-84.5,5.08,-47.59,47.86,-83.9
470,7.8837,951.0,1499.0,H,928.0,1672.0,169.39999389648438,H,174.5,-82.4,1.16,-10.05,10.12,-83.4
471,7.9005,953.0,1499.0,H,928.0,1672.0,169.39999389648438,H,174.8,-81.8,0.87,-9.88,9.91,-85.0
472,7.9173,957.0,1499.0,H,932.0,1672.0,165.0,H,174.8,-81.8,1.68,-10.11,10.25,-80.6
473,7.9341,959.0,1499.0,H,926.0,1668.0,164.39999389648438,H,172.2,-79.0,1.55,-10.21,10.32,-81.3
474,7.9509,959.0,1497.0,H,932.0,1670.0,164.8000030517578,H,175.1,-81.1,1.12,-10.31,10.37,-83.8
475,7.9677,963.0,1499.0,H,932.0,1670.0,165.0,H,173.8,-79.7,1.3,-10.29,10.37,-82.8
476,7.9845,965.0,1497.0,H,930.0,1668.0,162.39999389648438,H,174.5,-78.4,1.82,-10.58,10.74,-80.2
477,8.0013,967.0,1497.0,H,928.0,1666.0,169.39999389648438,H,173.4,-77.0,1.49,-11.46,11.55,-82.6
478,8.0182,967.0,1497.0,H,928.0,1666.0,160.60000610351562,H,173.4,-77.0,2.01,-10.97,11.15,-79.6
479,8.035,971.0,1495.0,H,928.0,1666.0,160.1999969482422,H,176.3,-75.9,2.32,-10.96,11.2,-78.0
480,8.0518,973.0,1495.0,H,928.0,1666.0,160.60000610351562,H,176.8,-75.3,2.46,-9.87,10.17,-76.0
481,8.0686,973.0,1495.0,H,930.0,1664.0,169.1999969482422,H,174.4,-75.7,2.14,-11.0,11.21,-79.0
482,8.0854,975.0,1493.0,H,930.0,1664.0,160.39999389648438,H,176.8,-75.3,3.92,-10.88,11.57,-70.2
483,8.1022,977.0,1495.0,H,928.0,1662.0,169.39999389648438,H,174.0,-73.6,2.28,-11.01,11.24,-78.3
484,8.119,977.0,1493.0,H,928.0,1662.0,169.0,H,176.0,-73.8,2.39,-10.33,10.6,-77.0
485,8.1358,981.0,1495.0,H,928.0,1662.0,160.60000610351562,H,175.2,-72.4,3.05,-10.1,10.55,-73.2
486,8.1526,985.0,1495.0,H,934.0,1662.0,165.0,H,174.6,-73.0,2.77,-10.06,10.43,-74.6
487,8.1694,987.0,1495.0,H,930.0,1662.0,160.60000610351562,H,176.5,-71.2,1.58,-9.73,9.86,-80.7
488,8.1862,987.0,1497.0,H,930.0,1660.0,169.1999969482422,H,172.7,-70.7,2.94,-9.91,10.34,-73.5
489,8.2031,997.0,1495.0,H,934.0,1660.0,165.0,H,176.6,-69.1,3.02,-9.44,9.91,-72.2
490,8.2199,1003.0,1497.0,H,936.0,1658.0,165.0,H,174.4,-67.4,2.15,-9.82,10.06,-77.6
491,8.2367,1005.0,1497.0,H,932.0,1656.0,160.39999389648438,H,175.0,-65.3,3.22,-10.0,10.5,-72.2
492,8.2535,1015.0,1497.0,H,932.0,1654.0,160.60000610351562,H,177.6,-62.1,4.3,-10.97,11.78,-68.6
493,8.2703,1021.0,1499.0,H,934.0,1652.0,160.39999389648438,H,176.0,-60.4,3.7,-9.76,10.44,-69.2
494,8.2871,1025.0,1499.0,H,936.0,1652.0,165.0,H,177.0,-59.8,5.3,-10.4,11.67,-63.0
495,8.3039,1027.0,1497.0,H,936.0,1646.0,169.39999389648438,H,174.6,-58.6,4.26,-9.42,10.34,-65.6
496,8.3207,1031.0,1497.0,H,938.0,1644.0,160.60000610351562,H,173.9,-57.7,6.12,-10.5,12.16,-59.8
497,8.3375,1033.0,1495.0,H,942.0,1644.0,165.0,H,174.6,-58.6,6.76,-9.95,12.03,-55.8
498,8.3543,1035.0,1495.0,H,940.0,1642.0,169.1999969482422,H,175.0,-57.1,7.08,-10.64,12.78,-56.3
499,8.3712,1037.0,1497.0,H,936.0,1640.0,165.0,H,175.1,-54.8,7.21,-10.64,12.85,-55.9
500,8.388,1037.0,1497.0,H,938.0,1636.0,165.0,H,170.7,-54.5,7.19,-9.27,11.73,-52.2
501,8.4048,1041.0,1493.0,H,946.0,1642.0,165.0,H,176.7,-57.5,7.89,-10.05,12.78,-51.9
502,8.4216,1041.0,1495.0,H,938.0,1638.0,165.0,H,176.2,-54.2,7.89,-9.7,12.5,-50.9
503,8.4384,1039.0,1495.0,H,938.0,1636.0,165.0,H,173.4,-54.4,8.25,-10.02,12.98,-50.5
504,8.4552,1041.0,1495.0,H,936.0,1636.0,167.1999969482422,H,175.8,-53.3,8.51,-9.9,13.05,-49.3
505,8.472,1043.0,1495.0,H,946.0,1640.0,164.8000030517578,H,174.5,-56.2,7.98,-9.37,12.31,-49.6
506,8.4888,1043.0,1495.0,H,944.0,1638.0,167.0,H,173.9,-55.3,8.53,-10.08,13.2,-49.8
507,8.5056,1047.0,1493.0,H,944.0,1636.0,160.60000610351562,H,176.2,-54.2,8.78,-9.79,13.15,-48.1
508,8.5224,1049.0,1495.0,H,944.0,1636.0,160.60000610351562,H,175.8,-53.3,8.5,-9.43,12.69,-48.0
509,8.5393,1049.0,1497.0,H,946.0,1638.0,165.0,H,174.6,-53.9,8.8,-9.62,13.04,-47.6
510,8.5561,1051.0,1495.0,H,942.0,1632.0,165.0,H,175.1,-51.5,8.71,-9.47,12.87,-47.4
511,8.5729,1055.0,1497.0,H,944.0,1636.0,164.8000030517578,H,177.9,-51.4,9.08,-9.82,13.37,-47.2
512,8.5897,1059.0,1495.0,H,946.0,1630.0,169.0,H,176.1,-50.1,8.78,-8.24,12.04,-43.2
513,8.6065,1063.0,1495.0,H,948.0,1628.0,169.39999389648438,H,175.8,-49.2,9.76,-10.32,14.2,-46.6
514,8.6233,1067.0,1497.0,H,946.0,1626.0,165.0,H,176.9,-46.8,9.6,-10.41,14.16,-47.3
515,8.6401,1069.0,1497.0,H,952.0,1626.0,162.0,H,174.2,-47.8,9.8,-9.95,13.96,-45.4
516,8.6569,1073.0,1497.0,H,954.0,1624.0,160.60000610351562,H,174.0,-46.9,10.07,-9.48,13.83,-43.3
517,8.6737,1075.0,1499.0,H,956.0,1622.0,169.39999389648438,H,171.1,-45.9,11.34,-10.68,15.58,-43.3
518,8.6905,1085.0,1501.0,H,958.0,1620.0,169.39999389648438,H,174.0,-43.1,9.48,-8.62,12.82,-42.3
519,8.7073,1083.0,1503.0,H,958.0,1618.0,169.39999389648438,H,169.9,-42.6,10.19,-8.84,13.49,-40.9
520,8.7242,1085.0,1503.0,H,956.0,1622.0,164.8000030517578,H,175.5,-42.7,11.04,-9.53,14.58,-40.8
521,8.741,1091.0,1503.0,H,960.0,1616.0,169.39999389648438,H,173.0,-40.8,10.82,-8.49,13.76,-38.1
522,8.7578,1089.0,1505.0,H,960.0,1614.0,164.8000030517578,H,168.9,-40.2,10.27,-8.06,13.05,-38.1
523,8.7746,1093.0,1505.0,H,964.0,1620.0,165.0,H,172.8,-41.7,11.18,-8.42,14.0,-37.0
524,8.7914,1095.0,1505.0,H,958.0,1612.0,165.0,H,173.8,-38.0,11.28,-8.09,13.88,-35.6
525,8.8082,1095.0,1505.0,H,962.0,1616.0,169.39999389648438,H,173.2,-39.8,11.55,-8.04,14.07,-34.8
526,8.825,1095.0,1507.0,H,958.0,1616.0,165.0,H,175.1,-38.5,11.2,-7.4,13.43,-33.5
527,8.8418,1095.0,1505.0,H,962.0,1616.0,160.39999389648438,H,173.2,-39.8,12.52,-8.62,15.2,-34.5
528,8.8586,1095.0,1505.0,H,962.0,1612.0,165.0,H,170.7,-38.8,11.4,-7.73,13.77,-34.2
529,8.8754,1095.0,1507.0,H,966.0,1614.0,165.0,H,167.6,-39.7,11.79,-7.56,14.0,-32.7
530,8.8923,1095.0,1505.0,H,962.0,1612.0,165.0,H,170.7,-38.8,11.23,-7.39,13.44,-33.4
531,8.9091,1095.0,1505.0,H,966.0,1614.0,165.0,H,168.9,-40.2,11.85,-7.74,14.15,-33.1
532,8.9259,1095.0,1507.0,H,962.0,1612.0,165.0,H,169.5,-38.3,12.1,-8.15,14.59,-33.9
533,8.9427,1097.0,1507.0,H,964.0,1614.0,169.39999389648438,H,170.7,-38.8,12.02,-7.33,14.08,-31.4
534,8.9595,1097.0,1507.0,H,966.0,1618.0,164.8000030517578,H,171.7,-40.3,11.7,-7.27,13.77,-31.8
535,8.9763,1095.0,1507.0,H,964.0,1614.0,169.39999389648438,H,169.1,-39.2,12.46,-7.21,14.39,-30.0
536,8.9931,1097.0,1505.0,H,964.0,1614.0,169.39999389648438,H,172.0,-39.3,11.81,-7.07,13.77,-30.9
537,9.0099,1097.0,1507.0,H,964.0,1614.0,169.39999389648438,H,170.7,-38.8,12.88,-8.28,15.31,-32.7
538,9.0267,1097.0,1507.0,H,964.0,1614.0,169.39999389648438,H,170.7,-38.8,13.06,-8.27,15.46,-32.3
539,9.0435,1093.0,1507.0,H,966.0,1618.0,165.0,H,168.7,-41.2,12.47,-7.64,14.63,-31.5
540,9.0603,1093.0,1507.0,H,966.0,1618.0,165.0,H,168.7,-41.2,12.07,-7.34,14.13,-31.3
541,9.0772,1095.0,1507.0,H,966.0,1618.0,165.0,H,170.2,-40.7,12.54,-7.74,14.74,-31.7
542,9.094,1095.0,1507.0,H,964.0,1614.0,169.39999389648438,H,169.1,-39.2,12.61,-7.85,14.86,-31.9
543,9.1108,1093.0,1507.0,H,964.0,1614.0,169.39999389648438,H,167.6,-39.7,12.72,-7.92,14.98,-31.9
544,9.1276,1093.0,1507.0,H,964.0,1614.0,169.1999969482422,H,167.6,-39.7,12.82,-8.0,15.11,-32.0
545,9.1444,1093.0,1507.0,H,964.0,1614.0,169.39999389648438,H,167.6,-39.7,12.74,-8.0,15.04,-32.1
546,9.1612,1095.0,1507.0,H,966.0,1618.0,165.0,H,170.2,-40.7,12.55,-7.79,14.77,-31.8
547,9.178,1097.0,1507.0,H,964.0,1618.0,165.0,H,173.2,-39.8,12.42,-7.62,14.58,-31.5
548,9.1948,1097.0,1507.0,H,964.0,1614.0,169.39999389648438,H,170.7,-38.8,12.31,-7.62,14.48,-31.8
549,9.2116,1097.0,1505.0,H,964.0,1614.0,162.8000030517578,H,172.0,-39.3,11.85,-6.97,13.75,-30.4
550,9.2284,1097.0,1505.0,H,964.0,1616.0,169.39999389648438,H,173.2,-39.8,12.41,-7.58,14.55,-31.4
551,9.2453,1095.0,1503.0,H,966.0,1618.0,165.0,H,172.8,-41.7,12.25,-7.44,14.33,-31.3
552,9.2621,1095.0,1501.0,H,964.0,1614.0,160.60000610351562,H,173.0,-40.8,12.44,-7.48,14.51,-31.0
553,9.2789,1095.0,1497.0,H,964.0,1612.0,169.39999389648438,H,174.3,-41.3,11.88,-7.4,14.0,-31.9
554,9.2957,1095.0,1497.0,H,968.0,1616.0,165.0,H,174.0,-43.1,11.76,-7.53,13.96,-32.6
555,9.3125,1095.0,1495.0,H,966.0,1612.0,160.60000610351562,H,174.2,-42.2,11.22,-7.19,13.32,-32.6
556,9.3293,1095.0,1493.0,H,966.0,1612.0,160.60000610351562,H,175.5,-42.7,11.47,-7.51,13.71,-33.2
557,9.3461,1095.0,1491.0,H,968.0,1612.0,160.39999389648438,H,175.4,-43.6,11.47,-7.43,13.67,-32.9
558,9.3629,1095.0,1491.0,H,972.0,1612.0,165.0,H,172.5,-44.5,11.29,-7.3,13.45,-32.9
559,9.3797,1095.0,1493.0,H,968.0,1606.0,165.0,H,170.0,-41.7,11.17,-7.38,13.39,-33.5
560,9.3965,1095.0,1491.0,H,968.0,1606.0,165.0,H,171.3,-42.2,11.25,-7.55,13.55,-33.9
561,9.4133,1095.0,1491.0,H,974.0,1606.0,165.0,H,166.9,-43.5,11.73,-8.13,14.27,-34.7
562,9.4302,1095.0,1491.0,H,970.0,1608.0,169.39999389648438,H,171.2,-43.1,11.5,-7.88,13.94,-34.4
563,9.447,1095.0,1491.0,H,970.0,1610.0,169.0,H,172.6,-43.6,11.73,-8.05,14.23,-34.4
564,9.4638,1095.0,1491.0,H,970.0,1610.0,160.1999969482422,H,172.6,-43.6,10.99,-7.54,13.33,-34.5
565,9.4806,1097.0,1489.0,H,970.0,1610.0,160.1999969482422,H,175.4,-43.6,11.87,-8.48,14.58,-35.6
566,9.4974,1097.0,1491.0,H,968.0,1608.0,167.1999969482422,H,174.2,-42.2,10.9,-7.27,13.1,-33.7
567,9.5142,1097.0,1491.0,H,968.0,1610.0,160.39999389648438,H,175.5,-42.7,12.18,-9.04,15.17,-36.6
568,9.531,1097.0,1491.0,H,970.0,1614.0,165.0,H,176.8,-44.1,11.79,-8.29,14.41,-35.1
569,9.5478,1095.0,1487.0,H,968.0,1612.0,165.0,H,178.2,-44.5,12.0,-8.64,14.78,-35.7
570,9.5646,1095.0,1489.0,H,970.0,1610.0,160.60000610351562,H,174.0,-44.1,11.28,-7.98,13.81,-35.3
571,9.5814,1095.0,1489.0,H,970.0,1610.0,160.60000610351562,H,174.0,-44.1,11.87,-8.46,14.58,-35.5
572,9.5983,1097.0,1489.0,H,972.0,1606.0,169.39999389648438,H,171.2,-43.1,11.67,-8.31,14.33,-35.5
573,9.6151,1097.0,1489.0,H,972.0,1608.0,160.39999389648438,H,172.6,-43.6,11.53,-8.07,14.07,-35.0
574,9.6319,1097.0,1487.0,H,976.0,1608.0,165.0,H,171.1,-45.0,11.49,-8.13,14.08,-35.3
575,9.6487,1099.0,1485.0,H,974.0,1604.0,169.39999389648438,H,172.6,-43.6,11.8,-8.39,14.48,-35.4
576,9.6655,1101.0,1485.0,H,976.0,1608.0,165.0,H,175.4,-44.5,11.48,-7.53,13.73,-33.3
577,9.6823,1101.0,1485.0,H,974.0,1600.0,165.0,H,171.3,-42.2,11.84,-8.79,14.75,-36.6
578,9.6991,1103.0,1483.0,H,978.0,1602.0,169.1999969482422,H,172.6,-43.6,11.72,-8.32,14.37,-35.4
579,9.7159,1105.0,1479.0,H,982.0,1604.0,165.0,H,175.4,-45.5,11.21,-8.01,13.77,-35.6
580,9.7327,1105.0,1479.0,H,982.0,1604.0,165.0,H,175.4,-45.5,11.49,-8.25,14.15,-35.7
581,9.7495,1105.0,1479.0,H,980.0,1600.0,160.1999969482422,H,174.0,-44.1,11.29,-8.06,13.87,-35.5
582,9.7663,1105.0,1475.0,H,980.0,1600.0,160.60000610351562,H,176.8,-45.0,11.3,-8.27,14.0,-36.2
583,9.7832,1105.0,1475.0,H,984.0,1602.0,165.0,H,175.4,-46.4,11.25,-7.89,13.74,-35.1
584,9.8,1103.0,1473.0,H,982.0,1598.0,160.60000610351562,H,174.0,-45.9,11.15,-7.92,13.67,-35.4
585,9.8168,1107.0,1475.0,H,986.0,1600.0,164.8000030517578,H,174.0,-45.9,11.36,-8.64,14.27,-37.3
586,9.8336,1107.0,1473.0,H,986.0,1596.0,162.8000030517578,H,172.5,-45.5,11.19,-8.61,14.12,-37.6
587,9.8504,1105.0,1469.0,H,986.0,1596.0,160.60000610351562,H,174.0,-46.9,11.19,-8.51,14.06,-37.2
588,9.8672,1105.0,1467.0,H,990.0,1596.0,165.0,H,172.8,-48.3,10.86,-8.19,13.6,-37.0
589,9.884,1105.0,1467.0,H,982.0,1598.0,162.8000030517578,H,179.7,-46.8,11.29,-8.37,14.06,-36.6
590,9.9008,1105.0,1465.0,H,986.0,1592.0,160.60000610351562,H,174.0,-46.9,10.89,-8.13,13.59,-36.7
591,9.9176,1105.0,1463.0,H,992.0,1594.0,165.0,H,173.0,-49.2,11.35,-8.92,14.43,-38.2
592,9.9344,1103.0,1463.0,H,990.0,1592.0,160.60000610351562,H,171.5,-48.8,10.99,-8.54,13.92,-37.8
593,9.9513,1107.0,1463.0,H,990.0,1592.0,160.60000610351562,H,174.2,-47.8,10.98,-8.43,13.85,-37.5
594,9.9681,1105.0,1461.0,H,990.0,1592.0,160.60000610351562,H,174.3,-48.7,11.0,-8.51,13.91,-37.7
595,9.9849,1105.0,1461.0,H,994.0,1592.0,165.0,H,171.7,-49.7,10.57,-8.38,13.49,-38.4
596,10.0017,1107.0,1461.0,H,992.0,1590.0,160.60000610351562,H,172.8,-48.3,10.31,-8.39,13.29,-39.2
597,10.0185,1105.0,1459.0,H,992.0,1590.0,160.60000610351562,H,173.0,-49.2,10.68,-8.35,13.56,-38.0
598,10.0353,1105.0,1457.0,H,994.0,1592.0,165.0,H,174.8,-50.6,10.58,-8.33,13.46,-38.2
599,10.0521,1107.0,1457.0,H,992.0,1590.0,160.60000610351562,H,175.8,-49.2,10.94,-8.74,14.01,-38.6
600,10.0689,1107.0,1457.0,H,992.0,1588.0,160.60000610351562,H,174.3,-48.7,11.12,-9.32,14.51,-40.0
601,10.0857,1107.0,1455.0,H,992.0,1586.0,169.39999389648438,H,174.3,-48.7,11.52,-9.84,15.16,-40.5
602,10.1025,1107.0,1459.0,H,992.0,1586.0,160.60000610351562,H,171.3,-47.8,10.91,-9.23,14.29,-40.2
603,10.1193,1105.0,1455.0,H,996.0,1590.0,165.0,H,173.5,-51.1,11.86,-9.85,15.42,-39.7
604,10.1362,1105.0,1455.0,H,994.0,1588.0,169.0,H,173.2,-50.2,12.07,-10.43,15.95,-40.8
605,10.153,1105.0,1455.0,H,994.0,1590.0,165.0,H,174.8,-50.6,11.13,-8.84,14.21,-38.5
606,10.1698,1107.0,1455.0,H,994.0,1588.0,160.1999969482422,H,174.5,-49.6,10.49,-8.01,13.2,-37.4
607,10.1866,1107.0,1455.0,H,994.0,1586.0,169.1999969482422,H,173.0,-49.2,9.51,-6.97,11.79,-36.2
608,10.2034,1107.0,1455.0,H,990.0,1588.0,165.0,H,177.1,-48.7,10.19,-7.86,12.87,-37.6
609,10.2202,1105.0,1453.0,H,992.0,1590.0,165.0,H,177.6,-50.5,10.22,-7.94,12.95,-37.8
610,10.237,1107.0,1455.0,H,994.0,1586.0,160.60000610351562,H,173.0,-49.2,10.3,-7.85,12.96,-37.3
611,10.2538,1107.0,1453.0,H,994.0,1586.0,160.60000610351562,H,174.5,-49.6,10.21,-7.81,12.85,-37.4
612,10.2706,1107.0,1455.0,H,994.0,1586.0,160.60000610351562,H,173.0,-49.2,10.12,-8.02,12.91,-38.4
613,10.2874,1107.0,1455.0,H,994.0,1586.0,160.60000610351562,H,173.0,-49.2,9.91,-7.61,12.5,-37.5
614,10.3043,1107.0,1455.0,H,992.0,1586.0,160.60000610351562,H,174.3,-48.7,5.35,-4.98,7.31,-43.0
615,10.3211,1107.0,1455.0,H,994.0,1586.0,160.60000610351562,H,173.0,-49.2,5.69,-5.44,7.87,-43.7
616,10.3379,1107.0,1453.0,H,994.0,1586.0,160.60000610351562,H,174.5,-49.6,4.96,-4.86,6.95,-44.4
617,10.3547,1109.0,1455.0,H,994.0,1586.0,160.60000610351562,H,174.3,-48.7,10.31,-7.5,12.74,-36.0
618,10.3715,1109.0,1453.0,H,998.0,1588.0,164.8000030517578,H,174.8,-50.6,6.5,-6.06,8.88,-43.0
619,10.3883,1109.0,1453.0,H,996.0,1586.0,160.60000610351562,H,174.5,-49.6,3.38,-1.79,3.82,-27.9
620,10.4051,1109.0,1453.0,H,994.0,1586.0,160.60000610351562,H,175.8,-49.2,13.3,-13.46,18.92,-45.4
621,10.4219,1107.0,1453.0,H,996.0,1586.0,167.1999969482422,H,173.2,-50.2,10.04,-7.74,12.68,-37.6
622,10.4387,1107.0,1451.0,H,996.0,1586.0,167.1999969482422,H,174.8,-50.6,2.48,-0.59,2.55,-13.5
623,10.4555,1107.0,1451.0,H,992.0,1584.0,165.0,H,175.8,-49.2,6.81,-6.32,9.29,-42.9
624,10.4723,1109.0,1451.0,H,998.0,1584.0,169.39999389648438,H,173.2,-50.2,6.35,-6.28,8.94,-44.7
625,10.4892,1109.0,1451.0,H,992.0,1582.0,165.0,H,175.6,-48.2,6.31,-6.14,8.81,-44.2
626,10.506,1109.0,1449.0,H,996.0,1582.0,169.0,H,174.5,-49.6,10.29,-8.45,13.32,-39.4
627,10.5228,1109.0,1451.0,H,994.0,1580.0,165.0,H,172.8,-48.3,6.35,-6.51,9.09,-45.7
628,10.5396,1109.0,1447.0,H,996.0,1584.0,160.1999969482422,H,177.6,-50.5,9.7,-7.43,12.22,-37.4
629,10.5564,1109.0,1451.0,H,1000.0,1586.0,165.0,H,173.5,-51.1,8.39,-8.45,11.91,-45.2
630,10.5732,1107.0,1449.0,H,998.0,1582.0,169.39999389648438,H,172.0,-50.7,9.36,-6.67,11.5,-35.5
631,10.59,1109.0,1449.0,H,996.0,1584.0,166.8000030517578,H,176.1,-50.1,10.13,-8.01,12.91,-38.3
632,10.6068,1109.0,1449.0,H,998.0,1584.0,160.39999389648438,H,174.8,-50.6,6.88,-6.86,9.72,-44.9
633,10.6236,1109.0,1449.0,H,998.0,1584.0,160.39999389648438,H,174.8,-50.6,6.5,-6.64,9.29,-45.6
634,10.6404,1109.0,1447.0,H,998.0,1582.0,160.60000610351562,H,174.8,-50.6,9.74,-7.53,12.31,-37.7
635,10.6573,1109.0,1449.0,H,996.0,1582.0,169.0,H,174.5,-49.6,9.94,-7.62,12.53,-37.5
636,10.6741,1109.0,1449.0,H,998.0,1582.0,160.60000610351562,H,173.2,-50.2,10.01,-8.09,12.86,-38.9
637,10.6909,1109.0,1449.0,H,998.0,1582.0,160.60000610351562,H,173.2,-50.2,10.56,-8.65,13.65,-39.3
638,10.7077,1109.0,1449.0,H,998.0,1584.0,167.1999969482422,H,174.8,-50.6,10.62,-9.0,13.92,-40.3
639,10.7245,1109.0,1449.0,H,998.0,1582.0,169.39999389648438,H,173.2,-50.2,9.9,-7.7,12.54,-37.9
640,10.7413,1109.0,1449.0,H,998.0,1582.0,169.39999389648438,H,173.2,-50.2,10.61,-8.47,13.57,-38.6
641,10.7581,1109.0,1449.0,H,998.0,1582.0,169.39999389648438,H,173.2,-50.2,11.29,-9.81,14.96,-41.0
642,10.7749,1109.0,1449.0,H,998.0,1582.0,169.39999389648438,H,173.2,-50.2,9.75,-6.85,11.92,-35.1
643,10.7917,1111.0,1451.0,H,998.0,1584.0,167.1999969482422,H,174.5,-49.6,6.01,-7.39,9.52,-50.9
644,10.8085,1107.0,1451.0,H,998.0,1582.0,169.0,H,170.4,-50.2,12.61,-11.85,17.3,-43.2
645,10.8253,1111.0,1449.0,H,996.0,1586.0,164.8000030517578,H,178.9,-50.0,8.58,-5.45,10.17,-32.4
646,10.8422,1111.0,1449.0,H,998.0,1578.0,164.8000030517578,H,171.5,-48.8,12.86,-12.11,17.66,-43.3
647,10.859,1111.0,1449.0,H,998.0,1586.0,164.8000030517578,H,177.6,-50.5,13.0,-11.66,17.46,-41.9
648,10.8758,1109.0,1449.0,H,1000.0,1584.0,165.0,H,173.5,-51.1,10.61,-8.71,13.73,-39.4
649,10.8926,1109.0,1449.0,H,996.0,1582.0,166.8000030517578,H,174.5,-49.6,11.85,-10.44,15.79,-41.4
650,10.9094,1109.0,1447.0,H,998.0,1582.0,169.0,H,174.8,-50.6,10.33,-9.21,13.84,-41.7
651,10.9262,1109.0,1447.0,H,998.0,1582.0,169.0,H,174.8,-50.6,9.0,-7.53,11.73,-39.9
652,10.943,1111.0,1449.0,H,998.0,1582.0,160.39999389648438,H,174.5,-49.6,9.17,-7.57,11.89,-39.6
653,10.9598,1111.0,1449.0,H,998.0,1578.0,164.8000030517578,H,171.5,-48.8,9.36,-8.35,12.55,-41.7
654,10.9766,1109.0,1447.0,H,1000.0,1586.0,165.0,H,176.6,-51.9,11.77,-9.04,14.84,-37.5
655,10.9934,1111.0,1447.0,H,998.0,1580.0,160.39999389648438,H,174.5,-49.6,8.81,-7.39,11.5,-40.0
656,11.0103,1109.0,1447.0,H,998.0,1580.0,160.39999389648438,H,173.2,-50.2,8.2,-7.58,11.17,-42.7
657,11.0271,1109.0,1447.0,H,998.0,1580.0,160.39999389648438,H,173.2,-50.2,7.52,-5.18,9.13,-34.6
658,11.0439,1111.0,1447.0,H,998.0,1580.0,160.39999389648438,H,174.5,-49.6,3.78,-4.76,6.08,-51.5
659,11.0607,1109.0,1445.0,H,1000.0,1580.0,160.60000610351562,H,173.5,-51.1,0.45,0.16,0.48,19.1
660,11.0775,1109.0,1445.0,H,1000.0,1582.0,166.8000030517578,H,175.1,-51.5,3.52,-3.48,4.95,-44.7
661,11.0943,1109.0,1445.0,H,1000.0,1580.0,160.39999389648438,H,173.5,-51.1,8.76,-7.87,11.78,-41.9
662,11.1111,1109.0,1445.0,H,1000.0,1580.0,160.39999389648438,H,173.5,-51.1,7.12,-8.34,10.97,-49.5
663,11.1279,1109.0,1445.0,H,1000.0,1580.0,160.39999389648438,H,173.5,-51.1,8.74,-7.44,11.48,-40.4
664,11.1447,1111.0,1445.0,H,1000.0,1578.0,160.60000610351562,H,173.2,-50.2,8.78,-8.43,12.18,-43.8
665,11.1615,1111.0,1445.0,H,1000.0,1574.0,165.0,H,170.2,-49.3,8.03,-7.91,11.27,-44.6
666,11.1783,1109.0,1443.0,H,1004.0,1576.0,165.0,H,169.5,-51.7,8.9,-8.07,12.01,-42.2
667,11.1952,1111.0,1445.0,H,1000.0,1578.0,169.1999969482422,H,173.2,-50.2,5.84,-6.57,8.79,-48.4
668,11.212,1111.0,1445.0,H,1000.0,1580.0,160.39999389648438,H,174.8,-50.6,9.28,-8.55,12.62,-42.7
669,11.2288,1109.0,1443.0,H,996.0,1580.0,165.0,H,177.6,-50.5,9.54,-9.02,13.13,-43.4
670,11.2456,1111.0,1443.0,H,1000.0,1578.0,160.39999389648438,H,174.8,-50.6,9.67,-10.08,13.97,-46.2
671,11.2624,1111.0,1445.0,H,1000.0,1580.0,160.60000610351562,H,174.8,-50.6,9.41,-8.38,12.6,-41.7
672,11.2792,1111.0,1443.0,H,996.0,1578.0,165.0,H,177.3,-49.6,10.2,-9.42,13.88,-42.7
673,11.296,1113.0,1445.0,H,1002.0,1578.0,169.1999969482422,H,173.2,-50.2,12.02,-11.49,16.63,-43.7
674,11.3128,1113.0,1443.0,H,1002.0,1578.0,160.60000610351562,H,174.8,-50.6,11.03,-10.17,15.0,-42.7
675,11.3296,1113.0,1445.0,H,1004.0,1580.0,165.0,H,173.5,-51.1,10.99,-9.82,14.74,-41.8
676,11.3464,1113.0,1445.0,H,1000.0,1574.0,165.0,H,171.5,-48.8,7.87,-8.81,11.82,-48.2
677,11.3633,1115.0,1445.0,H,1002.0,1572.0,164.8000030517578,H,170.0,-48.3,8.01,-9.58,12.49,-50.1
678,11.3801,1119.0,1445.0,H,1004.0,1574.0,160.60000610351562,H,172.8,-48.3,7.77,-8.48,11.5,-47.5
679,11.3969,1119.0,1445.0,H,1008.0,1576.0,164.60000610351562,H,171.7,-49.7,11.68,-9.68,15.17,-39.6
680,11.4137,1123.0,1447.0,H,1006.0,1572.0,162.0,H,171.2,-46.9,11.67,-9.15,14.82,-38.1
681,11.4305,1123.0,1445.0,H,1006.0,1574.0,160.60000610351562,H,174.2,-47.8,11.56,-9.68,15.08,-39.9
682,11.4473,1125.0,1445.0,H,1008.0,1572.0,169.0,H,172.7,-47.3,11.89,-7.86,14.25,-33.5
683,11.4641,1123.0,1443.0,H,1010.0,1574.0,165.0,H,173.0,-49.2,6.6,-6.08,8.98,-42.6
684,11.4809,1123.0,1443.0,H,1010.0,1574.0,164.8000030517578,H,173.0,-49.2,7.53,-6.33,9.83,-40.0
685,11.4977,1127.0,1445.0,H,1010.0,1574.0,164.8000030517578,H,174.2,-47.8,11.05,-8.47,13.92,-37.5
686,11.5145,1127.0,1443.0,H,1008.0,1574.0,165.0,H,177.0,-47.7,7.59,-6.44,9.95,-40.3
687,11.5313,1127.0,1443.0,H,1008.0,1572.0,160.60000610351562,H,175.5,-47.3,10.67,-8.4,13.58,-38.2
688,11.5482,1127.0,1445.0,H,1008.0,1570.0,160.39999389648438,H,172.6,-46.4,10.93,-8.71,13.97,-38.6
689,11.565,1125.0,1445.0,H,1012.0,1572.0,165.0,H,170.0,-48.3,10.68,-8.58,13.71,-38.8
690,11.5818,1125.0,1445.0,H,1010.0,1570.0,169.39999389648438,H,169.9,-47.4,10.84,-8.64,13.86,-38.6
691,11.5986,1129.0,1443.0,H,1008.0,1570.0,160.60000610351562,H,175.4,-46.4,11.73,-10.11,15.49,-40.8
692,11.6154,1129.0,1443.0,H,1008.0,1568.0,169.1999969482422,H,174.0,-45.9,11.7,-9.68,15.19,-39.6
693,11.6322,1127.0,1443.0,H,1010.0,1568.0,169.39999389648438,H,171.2,-46.9,11.96,-10.07,15.64,-40.1
694,11.649,1123.0,1439.0,H,1010.0,1570.0,160.60000610351562,H,173.0,-49.2,10.46,-8.89,13.73,-40.4
695,11.6658,1125.0,1435.0,H,1012.0,1566.0,160.60000610351562,H,173.0,-49.2,9.49,-7.52,12.11,-38.4
696,11.6826,1123.0,1431.0,H,1014.0,1566.0,169.1999969482422,H,173.5,-51.1,9.53,-7.13,11.9,-36.8
697,11.6994,1123.0,1427.0,H,1014.0,1564.0,168.60000610351562,H,175.1,-51.5,10.28,-8.23,13.17,-38.7
698,11.7163,1117.0,1423.0,H,1016.0,1562.0,160.39999389648438,H,171.8,-54.0,13.7,-10.09,17.01,-36.4
699,11.7331,1113.0,1413.0,H,1018.0,1558.0,169.0,H,173.3,-56.8,10.08,-8.77,13.36,-41.0
700,11.7499,1105.0,1407.0,H,1020.0,1556.0,169.39999389648438,H,171.5,-60.3,9.9,-9.09,13.44,-42.5
701,11.7667,1097.0,1401.0,H,1022.0,1556.0,160.60000610351562,H,172.2,-64.2,12.97,-11.15,17.1,-40.7
702,11.7835,1089.0,1389.0,H,1024.0,1552.0,169.1999969482422,H,175.5,-68.3,9.21,-9.04,12.9,-44.5
703,11.8003,1081.0,1387.0,H,1020.0,1550.0,164.8000030517578,H,174.0,-69.5,8.62,-9.38,12.74,-47.4
704,11.8171,1071.0,1379.0,H,1022.0,1546.0,164.60000610351562,H,174.0,-73.6,8.42,-9.46,12.67,-48.3
705,11.8339,1059.0,1375.0,H,1024.0,1548.0,160.60000610351562,H,176.5,-78.6,5.2,-8.62,10.07,-58.9
706,11.8507,1043.0,1373.0,H,1026.0,1544.0,169.1999969482422,H,171.8,-84.3,3.52,-9.27,9.92,-69.2
707,11.8675,1035.0,1367.0,H,1030.0,1542.0,165.0,H,175.1,-88.4,3.9,-10.02,10.75,-68.7
708,11.8844,1025.0,1365.0,H,1030.0,1542.0,165.0,H,177.1,-91.6,5.05,-10.82,11.94,-65.0
709,11.9012,1019.0,1363.0,H,1028.0,1536.0,169.1999969482422,H,173.2,-93.0,1.27,-11.09,11.17,-83.4
710,11.918,1011.0,1359.0,H,1026.0,1534.0,169.1999969482422,H,175.6,-94.9,0.64,-9.56,9.59,-86.2
711,11.9348,1009.0,1357.0,H,1026.0,1532.0,160.60000610351562,H,175.8,-95.5,0.14,-9.62,9.62,-89.2
712,11.9516,1009.0,1353.0,H,1028.0,1528.0,162.0,H,176.0,-96.2,1.58,-13.39,13.48,-83.3
713,11.9684,1005.0,1355.0,H,1028.0,1528.0,167.0,H,174.5,-97.6,1.05,-12.93,12.97,-85.3
714,11.9852,997.0,1351.0,H,1026.0,1526.0,160.39999389648438,H,177.4,-99.4,0.89,-11.99,12.02,-85.8
715,12.002,993.0,1353.0,H,1030.0,1522.0,165.0,H,173.0,-102.3,0.26,-12.84,12.84,-88.9
716,12.0188,989.0,1351.0,H,1022.0,1524.0,165.0,H,176.1,-100.8,-0.59,-12.27,12.28,-92.7
717,12.0356,987.0,1355.0,H,1030.0,1520.0,165.0,H,170.5,-104.6,-1.24,-13.65,13.71,-95.2
718,12.0524,985.0,1351.0,H,1024.0,1524.0,164.8000030517578,H,177.3,-102.7,-1.29,-11.65,11.72,-96.3
719,12.0693,983.0,1351.0,H,1022.0,1520.0,165.0,H,173.4,-103.0,-1.81,-12.1,12.24,-98.5
720,12.0861,985.0,1351.0,H,1026.0,1524.0,165.0,H,177.8,-103.3,-1.48,-13.17,13.25,-96.4
721,12.1029,985.0,1355.0,H,1022.0,1520.0,164.8000030517578,H,169.1,-102.6,-2.91,-12.09,12.44,-103.5
722,12.1197,989.0,1365.0,H,1022.0,1520.0,165.0,H,158.5,-102.0,-2.69,-12.39,12.68,-102.3
723,12.1365,1007.0,1381.0,H,1022.0,1520.0,164.60000610351562,H,139.8,-96.2,-3.05,-11.71,12.1,-104.6
724,12.1533,1039.0,1401.0,H,1030.0,1520.0,165.0,H,119.3,-85.7,-3.15,-12.37,12.76,-104.3
725,12.1701,1073.0,1423.0,H,1024.0,1520.0,160.39999389648438,H,108.7,-63.2,-3.21,-12.38,12.78,-104.5
726,12.1869,1103.0,1443.0,H,1028.0,1522.0,165.0,H,108.9,-46.5,-2.34,-11.62,11.86,-101.4
727,12.2037,1131.0,1461.0,H,1028.0,1518.0,169.1999969482422,H,117.7,-29.0,-0.6,-10.63,10.64,-93.2
728,12.2205,1153.0,1481.0,H,1026.0,1524.0,165.0,H,134.1,-18.7,1.02,-10.39,10.44,-84.4
729,12.2374,1171.0,1489.0,H,1026.0,1520.0,160.60000610351562,H,148.3,-12.1,3.64,-9.97,10.61,-69.9
730,12.2542,1183.0,1497.0,H,1026.0,1520.0,162.0,H,158.7,-8.3,6.13,-8.11,10.17,-52.9
731,12.271,1193.0,1503.0,H,1026.0,1518.0,169.39999389648438,H,167.7,-5.1,5.24,-5.73,7.76,-47.6
732,12.2878,1193.0,1511.0,H,1028.0,1516.0,165.0,H,165.1,-1.7,5.06,-2.23,5.53,-23.8
733,12.3046,1195.0,1519.0,H,1024.0,1522.0,165.0,H,171.0,-1.0,9.97,-4.62,10.99,-24.9
734,12.3214,1197.0,1525.0,H,1028.0,1520.0,162.39999389648438,H,169.1,1.7,10.62,-3.6,11.22,-18.7
735,12.3382,1195.0,1533.0,H,1026.0,1516.0,165.0,H,169.9,5.7,11.49,-2.05,11.67,-10.1
736,12.355,1195.0,1539.0,H,1028.0,1516.0,165.0,H,168.6,7.8,13.07,-3.0,13.41,-12.9
737,12.3718,1199.0,1547.0,H,1030.0,1516.0,165.0,H,171.8,10.4,12.47,-1.41,12.55,-6.4
738,12.3886,1199.0,1547.0,H,1034.0,1516.0,165.0,H,167.9,10.6,12.55,-0.29,12.55,-1.3
739,12.4054,1201.0,1551.0,H,1040.0,1520.0,165.0,H,164.0,10.9,13.46,0.65,13.48,2.8
740,12.4223,1203.0,1551.0,H,1040.0,1518.0,164.60000610351562,H,166.3,11.4,14.0,0.23,14.0,0.9
741,12.4391,1205.0,1551.0,H,1036.0,1524.0,164.8000030517578,H,171.1,9.1,14.49,0.93,14.52,3.7
742,12.4559,1203.0,1549.0,H,1040.0,1522.0,162.1999969482422,H,165.2,9.4,14.17,0.64,14.19,2.6
743,12.4727,1205.0,1551.0,H,1042.0,1518.0,164.39999389648438,H,166.3,11.4,13.86,1.97,14.0,8.1
744,12.4895,1205.0,1547.0,H,1040.0,1520.0,160.60000610351562,H,167.2,9.3,15.19,1.69,15.28,6.3
745,12.5063,1207.0,1535.0,H,1040.0,1526.0,164.8000030517578,H,167.2,3.1,14.83,2.17,14.99,8.3
746,12.5231,1207.0,1521.0,H,1040.0,1518.0,165.0,H,167.0,1.0,14.89,2.1,15.04,8.0
747,12.5399,1207.0,1505.0,H,1038.0,1518.0,164.8000030517578,H,169.5,-4.4,14.99,0.62,15.01,2.4
748,12.5567,1207.0,1489.0,H,1040.0,1522.0,160.60000610351562,H,170.2,-11.2,15.26,1.06,15.3,4.0
749,12.5735,1205.0,1477.0,H,1040.0,1518.0,164.8000030517578,H,170.0,-14.0,15.8,0.66,15.81,2.4
750,12.5904,1205.0,1469.0,H,1046.0,1520.0,165.0,H,167.0,-17.8,15.16,0.05,15.16,0.2
751,12.6072,1205.0,1459.0,H,1044.0,1522.0,162.8000030517578,H,172.9,-21.4,14.8,0.51,14.81,2.0
752,12.624,1197.0,1451.0,H,1042.0,1518.0,165.0,H,168.9,-23.4,14.04,0.13,14.04,0.5
753,12.6408,1197.0,1443.0,H,1050.0,1522.0,165.0,H,166.9,-28.3,15.36,-1.45,15.43,-5.4
754,12.6576,1199.0,1433.0,H,1050.0,1522.0,165.0,H,173.6,-30.9,13.42,-1.35,13.49,-5.8
755,12.6744,1199.0,1425.0,H,1052.0,1518.0,160.60000610351562,H,173.9,-32.3,13.69,-1.85,13.81,-7.7
756,12.6912,1201.0,1419.0,H,1058.0,1518.0,165.0,H,173.9,-34.7,14.38,-2.05,14.53,-8.1
757,12.708,1201.0,1415.0,H,1062.0,1514.0,165.0,H,170.7,-35.5,12.5,-1.79,12.62,-8.1
758,12.7248,1199.0,1411.0,H,1062.0,1516.0,165.0,H,172.6,-37.5,13.19,-3.73,13.71,-15.8
759,12.7416,1201.0,1409.0,H,1066.0,1514.0,164.8000030517578,H,171.0,-37.9,11.09,-1.87,11.24,-9.6
760,12.7584,1205.0,1405.0,H,1066.0,1510.0,160.60000610351562,H,174.2,-37.1,13.33,-5.51,14.42,-22.5
761,12.7753,1205.0,1403.0,H,1064.0,1506.0,165.0,H,174.6,-36.1,13.56,-5.35,14.58,-21.5
762,12.7921,1207.0,1399.0,H,1072.0,1510.0,164.8000030517578,H,174.8,-39.4,13.86,-6.35,15.24,-24.6
763,12.8089,1205.0,1397.0,H,1074.0,1504.0,169.39999389648438,H,169.1,-39.2,13.68,-6.06,14.96,-23.9
764,12.8257,1207.0,1395.0,H,1074.0,1504.0,160.60000610351562,H,172.0,-39.3,13.25,-6.48,14.74,-26.1
765,12.8425,1209.0,1393.0,H,1078.0,1506.0,165.0,H,173.0,-40.8,13.28,-7.0,15.01,-27.8
766,12.8593,1209.0,1391.0,H,1080.0,1498.0,165.0,H,167.6,-39.7,10.44,-6.08,12.08,-30.2
767,12.8761,1211.0,1389.0,H,1078.0,1500.0,167.1999969482422,H,173.2,-39.8,13.26,-7.38,15.18,-29.1
768,12.8929,1211.0,1385.0,H,1080.0,1498.0,169.1999969482422,H,173.0,-40.8,11.43,-7.11,13.46,-31.9
769,12.9097,1211.0,1383.0,H,1080.0,1498.0,160.60000610351562,H,174.3,-41.3,9.99,-6.19,11.76,-31.8
770,12.9265,1211.0,1383.0,H,1080.0,1494.0,165.0,H,171.7,-40.3,14.14,-10.35,17.52,-36.2
771,12.9434,1215.0,1381.0,H,1086.0,1496.0,162.39999389648438,H,172.8,-41.7,11.7,-7.08,13.68,-31.2
772,12.9602,1213.0,1379.0,H,1086.0,1496.0,169.0,H,172.7,-42.7,8.22,-5.48,9.88,-33.7
773,12.977,1215.0,1377.0,H,1086.0,1494.0,169.0,H,174.2,-42.2,10.86,-6.66,12.74,-31.5
774,12.9938,1213.0,1379.0,H,1088.0,1494.0,169.1999969482422,H,169.9,-42.6,11.96,-7.93,14.35,-33.6
775,13.0106,1215.0,1379.0,H,1086.0,1494.0,169.0,H,172.8,-41.7,11.48,-7.71,13.83,-33.9
776,13.0274,1215.0,1375.0,H,1086.0,1494.0,169.0,H,175.5,-42.7,12.51,-8.33,15.03,-33.6
777,13.0442,1215.0,1375.0,H,1086.0,1494.0,160.60000610351562,H,175.5,-42.7,9.99,-6.85,12.11,-34.4
778,13.061,1215.0,1373.0,H,1084.0,1492.0,165.0,H,177.0,-42.3,11.52,-7.61,13.81,-33.4
779,13.0778,1213.0,1373.0,H,1086.0,1494.0,167.0,H,175.4,-43.6,10.98,-6.7,12.87,-31.4
780,13.0946,1213.0,1371.0,H,1088.0,1492.0,169.0,H,174.0,-44.1,11.73,-7.69,14.03,-33.2
781,13.1114,1215.0,1371.0,H,1088.0,1490.0,160.1999969482422,H,174.0,-43.1,11.87,-8.2,14.43,-34.6
782,13.1283,1213.0,1369.0,H,1090.0,1492.0,168.39999389648438,H,173.9,-45.0,11.47,-7.96,13.96,-34.8
783,13.1451,1213.0,1365.0,H,1090.0,1488.0,168.60000610351562,H,173.9,-45.0,11.49,-8.38,14.22,-36.1
784,13.1619,1211.0,1363.0,H,1094.0,1484.0,164.8000030517578,H,168.3,-46.0,11.53,-8.29,14.2,-35.7
785,13.1787,1211.0,1359.0,H,1094.0,1486.0,169.0,H,172.7,-47.3,9.34,-7.1,11.73,-37.2
786,13.1955,1211.0,1355.0,H,1092.0,1482.0,164.8000030517578,H,174.0,-46.9,12.92,-10.21,16.47,-38.3
787,13.2123,1211.0,1353.0,H,1098.0,1488.0,164.8000030517578,H,176.1,-50.1,13.19,-9.99,16.55,-37.1
788,13.2291,1213.0,1351.0,H,1098.0,1482.0,162.0,H,174.3,-48.7,13.43,-10.08,16.79,-36.9
789,13.2459,1213.0,1347.0,H,1104.0,1482.0,164.8000030517578,H,173.5,-51.1,15.44,-12.72,20.0,-39.5
790,13.2627,1215.0,1347.0,H,1098.0,1478.0,165.0,H,175.6,-48.2,14.36,-11.41,18.34,-38.5
791,13.2795,1213.0,1343.0,H,1098.0,1478.0,165.0,H,177.3,-49.6,12.47,-9.74,15.82,-38.0
792,13.2964,1215.0,1343.0,H,1104.0,1472.0,164.60000610351562,H,170.2,-49.3,11.23,-9.38,14.63,-39.8
793,13.3132,1213.0,1341.0,H,1104.0,1476.0,160.39999389648438,H,173.5,-51.1,13.97,-11.06,17.81,-38.4
794,13.33,1213.0,1339.0,H,1106.0,1476.0,160.60000610351562,H,173.8,-52.0,13.97,-11.2,17.91,-38.7
795,13.3468,1215.0,1339.0,H,1110.0,1476.0,165.0,H,172.6,-52.5,10.33,-7.71,12.89,-36.7
796,13.3636,1215.0,1337.0,H,1106.0,1470.0,165.0,H,172.0,-50.7,10.2,-6.94,12.34,-34.2
797,13.3804,1217.0,1337.0,H,1104.0,1470.0,165.0,H,174.5,-49.6,13.3,-10.87,17.18,-39.3
798,13.3972,1215.0,1335.0,H,1104.0,1470.0,165.0,H,174.8,-50.6,13.58,-12.0,18.12,-41.5
799,13.414,1215.0,1337.0,H,1106.0,1468.0,165.0,H,170.4,-50.2,13.03,-12.02,17.73,-42.7
800,13.4308,1215.0,1335.0,H,1104.0,1470.0,165.0,H,174.8,-50.6,12.89,-10.97,16.93,-40.4
801,13.4476,1213.0,1335.0,H,1108.0,1472.0,169.0,H,172.6,-52.5,12.77,-11.52,17.2,-42.1
802,13.4644,1217.0,1335.0,H,1108.0,1472.0,160.60000610351562,H,175.1,-51.5,13.9,-12.81,18.9,-42.7
803,13.4813,1217.0,1335.0,H,1108.0,1472.0,160.60000610351562,H,175.1,-51.5,12.27,-10.5,16.15,-40.6
804,13.4981,1217.0,1335.0,H,1108.0,1472.0,160.60000610351562,H,175.1,-51.5,12.88,-13.55,18.7,-46.5
805,13.5149,1217.0,1335.0,H,1104.0,1470.0,165.0,H,176.1,-50.1,13.58,-12.55,18.49,-42.8
806,13.5317,1217.0,1335.0,H,1108.0,1472.0,160.60000610351562,H,175.1,-51.5,8.82,-8.2,12.04,-42.9
807,13.5485,1215.0,1335.0,H,1112.0,1470.0,165.0,H,169.8,-52.7,15.7,-15.74,22.24,-45.1
808,13.5653,1217.0,1335.0,H,1108.0,1472.0,160.60000610351562,H,175.1,-51.5,17.99,-15.54,23.77,-40.8
809,13.5821,1217.0,1335.0,H,1112.0,1470.0,164.8000030517578,H,171.0,-52.1,13.21,-13.0,18.53,-44.5
810,13.5989,1217.0,1335.0,H,1108.0,1472.0,160.60000610351562,H,175.1,-51.5,6.98,-7.27,10.08,-46.1
811,13.6157,1217.0,1335.0,H,1108.0,1472.0,160.60000610351562,H,175.1,-51.5,10.03,-9.29,13.67,-42.8
812,13.6325,1217.0,1335.0,H,1108.0,1472.0,160.60000610351562,H,175.1,-51.5,9.97,-9.62,13.85,-44.0
813,13.6494,1217.0,1335.0,H,1108.0,1472.0,160.60000610351562,H,175.1,-51.5,10.45,-9.7,14.26,-42.9
814,13.6662,1217.0,1335.0,H,1108.0,1472.0,160.1999969482422,H,175.1,-51.5,6.52,-6.74,9.38,-46.0
815,13.683,1217.0,1335.0,H,1108.0,1472.0,160.60000610351562,H,175.1,-51.5,10.37,-9.64,14.16,-42.9
816,13.6998,1217.0,1335.0,H,1108.0,1472.0,160.60000610351562,H,175.1,-51.5,5.77,-6.35,8.58,-47.7
817,13.7166,1217.0,1335.0,H,1108.0,1472.0,160.60000610351562,H,175.1,-51.5,10.08,-9.18,13.63,-42.3
818,13.7334,1217.0,1335.0,H,1108.0,1472.0,160.60000610351562,H,175.1,-51.5,9.61,-9.36,13.41,-44.2
819,13.7502,1217.0,1335.0,H,1108.0,1472.0,160.1999969482422,H,175.1,-51.5,9.46,-9.02,13.07,-43.6
820,13.767,1217.0,1335.0,H,1108.0,1472.0,160.1999969482422,H,175.1,-51.5,8.76,-9.07,12.61,-46.0
821,13.7838,1217.0,1335.0,H,1108.0,1472.0,160.1999969482422,H,175.1,-51.5,9.59,-9.14,13.24,-43.6
822,13.8006,1217.0,1335.0,H,1108.0,1472.0,160.1999969482422,H,175.1,-51.5,5.54,-6.55,8.58,-49.8
823,13.8174,1217.0,1335.0,H,1108.0,1472.0,160.1999969482422,H,175.1,-51.5,6.11,-6.69,9.06,-47.6
824,13.8343,1217.0,1335.0,H,1108.0,1472.0,160.1999969482422,H,175.1,-51.5,10.18,-9.53,13.94,-43.1
825,13.8511,1217.0,1335.0,H,1108.0,1472.0,160.1999969482422,H,175.1,-51.5,8.85,-8.81,12.48,-44.9
826,13.8679,1217.0,1335.0,H,1108.0,1472.0,160.1999969482422,H,175.1,-51.5,9.49,-7.99,12.41,-40.1
827,13.8847,1217.0,1335.0,H,1106.0,1476.0,164.8000030517578,H,179.4,-51.8,9.78,-9.5,13.64,-44.2
828,13.9015,1217.0,1335.0,H,1108.0,1472.0,160.60000610351562,H,175.1,-51.5,9.94,-9.63,13.84,-44.1
829,13.9183,1217.0,1335.0,H,1108.0,1472.0,160.60000610351562,H,175.1,-51.5,3.92,-5.78,6.99,-55.9
830,13.9351,1219.0,1337.0,H,1104.0,1472.0,165.0,H,177.3,-49.6,9.65,-9.27,13.38,-43.9
831,13.9519,1219.0,1337.0,H,1108.0,1474.0,165.0,H,176.3,-51.0,9.64,-7.96,12.5,-39.5
832,13.9687,1219.0,1337.0,H,1108.0,1470.0,160.39999389648438,H,173.2,-50.2,10.1,-9.61,13.94,-43.6
833,13.9855,1221.0,1337.0,H,1106.0,1466.0,165.0,H,172.8,-48.3,10.02,-9.43,13.76,-43.2
834,14.0024,1223.0,1337.0,H,1110.0,1472.0,165.0,H,176.1,-50.1,9.72,-8.01,12.59,-39.5
835,14.0192,1225.0,1337.0,H,1106.0,1468.0,165.0,H,177.0,-47.7,10.03,-8.93,13.43,-41.7
836,14.036,1223.0,1335.0,H,1112.0,1468.0,160.60000610351562,H,173.2,-50.2,9.69,-8.98,13.21,-42.8
837,14.0528,1227.0,1337.0,H,1112.0,1472.0,165.0,H,177.3,-49.6,10.07,-9.31,13.71,-42.7
838,14.0696,1227.0,1337.0,H,1108.0,1464.0,164.60000610351562,H,174.0,-46.9,10.31,-9.28,13.87,-42.0
839,14.0864,1225.0,1337.0,H,1112.0,1468.0,160.60000610351562,H,173.0,-49.2,9.54,-8.88,13.03,-42.9
840,14.1032,1225.0,1335.0,H,1112.0,1468.0,160.60000610351562,H,174.5,-49.6,9.78,-8.72,13.11,-41.7
841,14.12,1227.0,1335.0,H,1112.0,1468.0,160.60000610351562,H,175.8,-49.2,10.25,-9.16,13.74,-41.8
842,14.1368,1225.0,1335.0,H,1110.0,1468.0,167.1999969482422,H,175.8,-49.2,9.34,-7.47,11.96,-38.6
843,14.1536,1225.0,1335.0,H,1114.0,1470.0,165.0,H,174.8,-50.6,10.32,-9.49,14.02,-42.6
844,14.1704,1225.0,1335.0,H,1112.0,1468.0,160.60000610351562,H,174.5,-49.6,10.05,-9.04,13.52,-42.0
845,14.1873,1225.0,1335.0,H,1112.0,1468.0,160.60000610351562,H,174.5,-49.6,5.65,-5.9,8.17,-46.3
846,14.2041,1225.0,1335.0,H,1112.0,1468.0,160.60000610351562,H,174.5,-49.6,9.91,-8.82,13.27,-41.7
847,14.2209,1225.0,1335.0,H,1110.0,1466.0,166.8000030517578,H,174.3,-48.7,10.29,-9.64,14.1,-43.1
848,14.2377,1227.0,1335.0,H,1116.0,1464.0,165.0,H,170.2,-49.3,10.12,-8.93,13.49,-41.4
849,14.2545,1225.0,1335.0,H,1114.0,1470.0,165.0,H,174.8,-50.6,10.32,-9.13,13.78,-41.5
850,14.2713,1223.0,1331.0,H,1114.0,1466.0,169.39999389648438,H,173.5,-51.1,10.57,-9.08,13.93,-40.7
851,14.2881,1215.0,1325.0,H,1112.0,1464.0,162.39999389648438,H,173.0,-53.5,10.07,-8.86,13.42,-41.3
852,14.3049,1197.0,1315.0,H,1110.0,1464.0,164.8000030517578,H,172.5,-59.7,9.6,-8.54,12.85,-41.6
853,14.3217,1175.0,1309.0,H,1114.0,1464.0,169.39999389648438,H,166.6,-68.5,10.25,-9.25,13.81,-42.1
854,14.3385,1157.0,1301.0,H,1114.0,1464.0,162.1999969482422,H,168.6,-75.2,9.65,-9.97,13.88,-46.0
855,14.3554,1135.0,1301.0,H,1114.0,1464.0,169.0,H,164.3,-82.7,8.42,-9.9,13.0,-49.6
856,14.3722,1107.0,1297.0,H,1114.0,1464.0,169.0,H,167.1,-92.4,7.52,-10.25,12.71,-53.7
857,14.389,1077.0,1297.0,H,1114.0,1464.0,169.1999969482422,H,171.0,-102.5,6.63,-10.51,12.43,-57.7
858,14.4058,1051.0,1301.0,H,1112.0,1462.0,169.1999969482422,H,172.2,-110.8,5.07,-10.98,12.1,-65.2
859,14.4226,1033.0,1305.0,H,1114.0,1464.0,164.8000030517578,H,178.4,-117.0,0.31,-9.32,9.32,-88.1
860,14.4394,1015.0,1309.0,H,1108.0,1454.0,169.0,H,172.3,-122.7,1.61,-10.62,10.74,-81.4
861,14.4562,999.0,1309.0,H,1104.0,1448.0,160.60000610351562,H,174.2,-127.1,-0.23,-10.98,10.98,-91.2
862,14.473,985.0,1307.0,H,1098.0,1438.0,162.0,H,173.0,-130.8,-1.22,-11.05,11.11,-96.3
863,14.4898,973.0,1303.0,H,1092.0,1430.0,160.39999389648438,H,174.0,-133.1,-2.67,-10.46,10.79,-104.3
864,14.5066,963.0,1301.0,H,1086.0,1422.0,160.60000610351562,H,172.5,-135.5,-4.86,-9.64,10.8,-116.7
865,14.5234,953.0,1295.0,H,1080.0,1412.0,165.0,H,172.7,-137.3,-4.05,-10.65,11.39,-110.8
866,14.5403,941.0,1291.0,H,1066.0,1406.0,165.0,H,169.9,-137.4,-6.2,-9.85,11.63,-122.2
867,14.5571,933.0,1289.0,H,1062.0,1404.0,165.0,H,172.8,-138.3,-7.35,-9.37,11.9,-128.1
868,14.5739,925.0,1283.0,H,1060.0,1396.0,165.0,H,176.1,-140.1,-8.06,-9.22,12.25,-131.2
869,14.5907,915.0,1277.0,H,1050.0,1384.0,164.8000030517578,H,172.3,-141.6,-8.65,-8.64,12.22,-135.0
870,14.6075,909.0,1271.0,H,1042.0,1382.0,160.39999389648438,H,173.2,-140.2,-9.78,-7.72,12.46,-141.7
871,14.6243,903.0,1267.0,H,1036.0,1374.0,165.0,H,170.7,-141.2,-9.58,-8.21,12.62,-139.4
872,14.6411,899.0,1263.0,H,1028.0,1376.0,164.8000030517578,H,171.5,-138.8,-10.2,-8.21,13.09,-141.2
873,14.6579,897.0,1257.0,H,1032.0,1372.0,165.0,H,177.3,-139.6,-10.85,-8.58,13.83,-141.7
874,14.6747,895.0,1255.0,H,1026.0,1374.0,164.8000030517578,H,177.0,-137.7,-10.64,-7.96,13.29,-143.2
875,14.6915,893.0,1261.0,H,1028.0,1366.0,164.60000610351562,H,171.0,-142.1,-11.21,-7.69,13.6,-145.6
876,14.7084,893.0,1253.0,H,1026.0,1368.0,160.1999969482422,H,175.8,-139.2,-11.6,-8.38,14.31,-144.1
877,14.7252,895.0,1253.0,H,1024.0,1366.0,169.1999969482422,H,171.5,-138.8,-11.57,-8.44,14.32,-143.9
878,14.742,899.0,1251.0,H,1026.0,1364.0,165.0,H,170.0,-138.3,-11.76,-7.82,14.12,-146.4
879,14.7588,901.0,1251.0,H,1024.0,1368.0,168.39999389648438,H,169.8,-136.4,-11.53,-7.73,13.89,-146.2
880,14.7756,901.0,1251.0,H,1026.0,1370.0,164.8000030517578,H,172.6,-136.4,-11.65,-8.16,14.23,-145.0
881,14.7924,903.0,1251.0,H,1022.0,1368.0,160.60000610351562,H,166.9,-135.5,-11.44,-8.54,14.28,-143.2
882,14.8092,909.0,1253.0,H,1020.0,1370.0,165.0,H,161.3,-133.5,-11.4,-7.94,13.89,-145.2
883,14.826,919.0,1253.0,H,1024.0,1368.0,167.1999969482422,H,155.7,-132.4,-12.23,-7.27,14.23,-149.2
884,14.8428,945.0,1255.0,H,1020.0,1370.0,165.0,H,137.3,-123.1,-11.46,-8.37,14.19,-143.9
885,14.8596,993.0,1273.0,H,1026.0,1368.0,165.0,H,100.6,-109.2,-11.17,-8.99,14.34,-141.2
886,14.8764,1049.0,1291.0,H,1022.0,1366.0,160.60000610351562,H,79.7,-70.2,-10.43,-8.41,13.4,-141.1
887,14.8933,1099.0,1309.0,H,1022.0,1366.0,160.60000610351562,H,95.8,-36.5,-10.0,-9.06,13.5,-137.8
888,14.9101,1139.0,1323.0,H,1020.0,1364.0,165.0,H,125.9,-19.0,-6.72,-9.94,12.0,-124.1
889,14.9269,1165.0,1337.0,H,1022.0,1368.0,160.39999389648438,H,146.3,-12.2,-3.21,-9.28,9.82,-109.1
890,14.9437,1179.0,1343.0,H,1022.0,1370.0,165.0,H,159.3,-9.8,-0.12,-7.8,7.8,-90.9
891,14.9605,1187.0,1347.0,H,1022.0,1366.0,160.60000610351562,H,166.1,-6.6,1.75,-6.36,6.6,-74.6
892,14.9773,1191.0,1349.0,H,1022.0,1370.0,165.0,H,170.3,-7.1,3.86,-6.74,7.77,-60.2
893,14.9941,1189.0,1351.0,H,1024.0,1370.0,164.8000030517578,H,166.1,-6.6,7.5,-4.78,8.9,-32.5
894,15.0109,1191.0,1349.0,H,1024.0,1368.0,160.60000610351562,H,168.1,-6.5,7.75,-4.3,8.86,-29.0
895,15.0277,1195.0,1349.0,H,1026.0,1368.0,160.60000610351562,H,170.1,-6.4,7.87,-2.9,8.38,-20.2
896,15.0445,1197.0,1347.0,H,1028.0,1370.0,165.0,H,170.6,-7.8,10.37,-2.88,10.77,-15.5
897,15.0614,1199.0,1347.0,H,1028.0,1366.0,160.60000610351562,H,172.1,-6.3,11.54,-2.71,11.86,-13.2
898,15.0782,1199.0,1353.0,H,1032.0,1370.0,165.0,H,167.9,-5.8,10.53,-0.83,10.57,-4.5
899,15.095,1203.0,1353.0,H,1034.0,1368.0,169.39999389648438,H,169.7,-5.1,11.63,-1.71,11.76,-8.4
900,15.1118,1207.0,1359.0,H,1038.0,1366.0,169.39999389648438,H,169.1,-2.4,12.44,-1.89,12.59,-8.7
901,15.1286,1207.0,1369.0,H,1040.0,1366.0,169.39999389648438,H,167.0,1.0,13.28,-1.16,13.33,-5.0
902,15.1454,1213.0,1375.0,H,1042.0,1368.0,167.1999969482422,H,171.1,2.3,13.5,-1.25,13.56,-5.3
903,15.1622,1213.0,1383.0,H,1046.0,1370.0,165.0,H,167.5,4.5,14.1,-0.99,14.13,-4.0
904,15.179,1217.0,1387.0,H,1048.0,1370.0,164.8000030517578,H,169.9,5.7,14.25,-0.5,14.26,-2.0
905,15.1958,1223.0,1391.0,H,1056.0,1368.0,169.39999389648438,H,168.6,7.8,14.82,-0.08,14.82,-0.3
906,15.2126,1223.0,1397.0,H,1060.0,1370.0,169.39999389648438,H,165.2,9.4,15.0,-0.0,15.0,-0.0
907,15.2295,1227.0,1401.0,H,1064.0,1368.0,169.39999389648438,H,166.3,11.4,15.24,0.67,15.26,2.5
908,15.2463,1229.0,1403.0,H,1070.0,1370.0,164.8000030517578,H,162.4,11.7,15.45,0.95,15.48,3.5
909,15.2631,1233.0,1403.0,H,1070.0,1370.0,169.1999969482422,H,166.3,11.4,15.99,1.28,16.04,4.6
910,15.2799,1233.0,1403.0,H,1072.0,1366.0,165.0,H,165.2,12.9,15.46,0.83,15.48,3.1
911,15.2967,1235.0,1401.0,H,1072.0,1370.0,160.39999389648438,H,165.9,10.8,15.22,1.84,15.33,6.9
912,15.3135,1237.0,1401.0,H,1074.0,1366.0,165.0,H,166.7,12.1,16.7,0.42,16.71,1.5
913,15.3303,1239.0,1405.0,H,1070.0,1374.0,165.0,H,171.8,10.4,16.7,0.98,16.73,3.3
914,15.3471,1239.0,1405.0,H,1072.0,1374.0,164.8000030517578,H,169.9,10.5,15.04,2.41,15.23,9.1
915,15.3639,1239.0,1405.0,H,1072.0,1374.0,165.0,H,169.9,10.5,15.43,2.47,15.63,9.1
916,15.3807,1237.0,1401.0,H,1072.0,1374.0,164.8000030517578,H,167.2,9.3,15.43,2.35,15.6,8.7
917,15.3975,1237.0,1405.0,H,1076.0,1372.0,169.39999389648438,H,164.3,11.6,15.22,2.43,15.41,9.1
918,15.4144,1237.0,1405.0,H,1072.0,1374.0,165.0,H,167.9,10.6,14.79,2.53,15.01,9.7
919,15.4312,1237.0,1405.0,H,1078.0,1370.0,165.0,H,162.8,12.4,17.16,1.71,17.24,5.7
920,15.448,1239.0,1407.0,H,1074.0,1370.0,160.60000610351562,H,169.1,12.6,14.93,2.6,15.15,9.9
921,15.4648,1235.0,1403.0,H,1072.0,1374.0,165.0,H,165.6,10.1,15.08,2.44,15.28,9.2
922,15.4816,1239.0,1405.0,H,1072.0,1374.0,164.8000030517578,H,169.9,10.5,15.32,3.17,15.64,11.7
923,15.4984,1235.0,1403.0,H,1070.0,1370.0,165.0,H,168.3,11.3,15.83,3.14,16.14,11.2
924,15.5152,1237.0,1405.0,H,1076.0,1372.0,162.39999389648438,H,164.3,11.6,14.27,3.91,14.8,15.3
925,15.532,1237.0,1405.0,H,1072.0,1374.0,165.0,H,167.9,10.6,15.83,3.19,16.15,11.4
926,15.5488,1237.0,1401.0,H,1074.0,1370.0,160.60000610351562,H,165.9,10.8,15.01,2.88,15.28,10.8
927,15.5656,1237.0,1381.0,H,1078.0,1370.0,165.0,H,159.4,4.0,14.84,2.9,15.12,11.1
928,15.5825,1239.0,1353.0,H,1072.0,1366.0,165.0,H,167.5,-4.5,15.07,2.84,15.34,10.7
929,15.5993,1237.0,1331.0,H,1074.0,1372.0,160.60000610351562,H,168.1,-14.1,14.49,2.55,14.71,10.0
930,15.6161,1235.0,1317.0,H,1074.0,1372.0,160.60000610351562,H,170.1,-18.9,15.28,1.83,15.39,6.8
931,15.6329,1233.0,1301.0,H,1072.0,1366.0,165.0,H,173.6,-22.0,15.61,0.85,15.64,3.1
932,15.6497,1229.0,1295.0,H,1076.0,1372.0,162.39999389648438,H,171.3,-26.7,15.17,0.13,15.17,0.5
933,15.6665,1227.0,1289.0,H,1078.0,1374.0,165.0,H,171.5,-29.7,13.99,0.07,13.99,0.3
934,15.6833,1225.0,1281.0,H,1078.0,1370.0,160.60000610351562,H,171.8,-31.2,13.54,-0.37,13.54,-1.6
935,15.7001,1225.0,1275.0,H,1082.0,1372.0,165.0,H,172.8,-34.1,14.78,-2.16,14.93,-8.3
936,15.7169,1225.0,1271.0,H,1078.0,1364.0,164.8000030517578,H,173.9,-32.3,14.24,-2.53,14.47,-10.1
937,15.7337,1227.0,1267.0,H,1080.0,1362.0,165.0,H,175.0,-32.9,14.43,-3.44,14.83,-13.4
938,15.7505,1225.0,1265.0,H,1082.0,1362.0,165.0,H,172.8,-34.1,11.46,-4.53,12.32,-21.6
939,15.7674,1227.0,1261.0,H,1088.0,1362.0,169.39999389648438,H,171.8,-36.0,13.42,-4.59,14.18,-18.9
940,15.7842,1225.0,1257.0,H,1092.0,1364.0,165.0,H,170.7,-38.8,13.23,-4.34,13.93,-18.1
941,15.801,1225.0,1255.0,H,1088.0,1358.0,165.0,H,171.4,-36.9,13.38,-6.61,14.92,-26.3
942,15.8178,1225.0,1251.0,H,1092.0,1362.0,160.1999969482422,H,173.2,-39.8,12.76,-5.29,13.81,-22.5
943,15.8346,1227.0,1249.0,H,1090.0,1358.0,165.0,H,175.1,-38.5,11.01,-4.01,11.72,-20.0
944,15.8514,1229.0,1249.0,H,1096.0,1362.0,165.0,H,174.5,-40.4,12.64,-6.04,14.01,-25.5
945,15.8682,1225.0,1247.0,H,1092.0,1354.0,164.8000030517578,H,170.7,-38.8,12.67,-5.89,13.97,-24.9
946,15.885,1229.0,1243.0,H,1092.0,1354.0,165.0,H,176.3,-39.0,12.39,-6.13,13.82,-26.3
947,15.9018,1229.0,1245.0,H,1094.0,1354.0,165.0,H,173.5,-38.9,11.6,-7.99,14.09,-34.6
948,15.9186,1231.0,1243.0,H,1098.0,1358.0,167.1999969482422,H,175.8,-40.8,12.22,-6.53,13.86,-28.1
949,15.9355,1231.0,1243.0,H,1094.0,1354.0,165.0,H,176.3,-39.0,7.8,-3.51,8.56,-24.2
950,15.9523,1231.0,1245.0,H,1094.0,1354.0,165.0,H,175.1,-38.5,11.27,-6.18,12.85,-28.7
951,15.9691,1231.0,1245.0,H,1094.0,1354.0,165.0,H,175.1,-38.5,11.84,-6.9,13.7,-30.2
952,15.9859,1231.0,1245.0,H,1094.0,1354.0,165.0,H,175.1,-38.5,13.3,-8.22,15.63,-31.7
953,16.0027,1231.0,1245.0,H,1094.0,1354.0,164.8000030517578,H,175.1,-38.5,12.07,-6.78,13.85,-29.3
954,16.0195,1229.0,1245.0,H,1098.0,1354.0,169.39999389648438,H,170.4,-39.8,12.89,-7.84,15.09,-31.3
955,16.0363,1231.0,1243.0,H,1098.0,1358.0,160.1999969482422,H,175.8,-40.8,7.63,-3.74,8.49,-26.1
956,16.0531,1229.0,1245.0,H,1098.0,1358.0,166.8000030517578,H,173.0,-40.8,11.76,-6.76,13.57,-29.9
957,16.0699,1231.0,1243.0,H,1094.0,1356.0,165.0,H,177.6,-39.5,12.27,-7.3,14.27,-30.7
958,16.0867,1231.0,1243.0,H,1098.0,1354.0,160.60000610351562,H,173.2,-39.8,13.63,-8.56,16.1,-32.1
959,16.1035,1229.0,1241.0,H,1102.0,1358.0,165.0,H,172.7,-42.7,12.16,-7.41,14.24,-31.4
960,16.1204,1229.0,1239.0,H,1102.0,1358.0,165.0,H,174.0,-43.1,12.21,-7.56,14.36,-31.8
961,16.1372,1229.0,1239.0,H,1100.0,1358.0,165.0,H,175.5,-42.7,12.32,-7.91,14.63,-32.7
962,16.154,1229.0,1235.0,H,1096.0,1356.0,165.0,H,179.8,-42.3,12.68,-8.2,15.1,-32.9
963,16.1708,1227.0,1235.0,H,1100.0,1354.0,160.60000610351562,H,174.0,-43.1,12.66,-9.26,15.68,-36.2
964,16.1876,1227.0,1231.0,H,1102.0,1352.0,169.39999389648438,H,174.0,-44.1,12.63,-8.54,15.25,-34.1
965,16.2044,1227.0,1229.0,H,1104.0,1356.0,165.0,H,176.8,-45.9,12.22,-8.06,14.64,-33.4
966,16.2212,1227.0,1229.0,H,1108.0,1352.0,165.0,H,171.1,-45.9,9.06,-6.58,11.2,-36.0
967,16.238,1229.0,1225.0,H,1110.0,1348.0,165.0,H,171.1,-45.9,13.16,-10.03,16.54,-37.3
968,16.2548,1227.0,1223.0,H,1106.0,1348.0,160.39999389648438,H,174.0,-45.9,6.29,-3.63,7.26,-30.0
969,16.2716,1225.0,1217.0,H,1108.0,1348.0,160.39999389648438,H,175.6,-48.2,11.44,-7.76,13.83,-34.1
970,16.2885,1227.0,1217.0,H,1110.0,1344.0,162.0,H,172.7,-47.3,10.39,-9.08,13.79,-41.1
971,16.3053,1227.0,1213.0,H,1112.0,1344.0,160.39999389648438,H,174.3,-48.7,13.3,-10.71,17.08,-38.8
972,16.3221,1227.0,1211.0,H,1110.0,1340.0,164.8000030517578,H,174.2,-47.8,7.87,-6.47,10.19,-39.4
973,16.3389,1227.0,1209.0,H,1112.0,1342.0,167.1999969482422,H,175.8,-49.2,13.33,-11.5,17.61,-40.8
974,16.3557,1229.0,1209.0,H,1114.0,1338.0,169.39999389648438,H,172.8,-48.3,14.01,-12.52,18.79,-41.8
975,16.3725,1229.0,1205.0,H,1116.0,1340.0,160.60000610351562,H,176.1,-50.1,6.39,-5.15,8.21,-38.9
976,16.3893,1229.0,1205.0,H,1116.0,1342.0,165.0,H,177.6,-50.5,6.38,-5.75,8.59,-42.0
977,16.4061,1229.0,1205.0,H,1116.0,1336.0,169.1999969482422,H,173.0,-49.2,11.39,-9.52,14.84,-39.9
978,16.4229,1229.0,1205.0,H,1116.0,1336.0,169.0,H,173.0,-49.2,10.23,-8.73,13.45,-40.5
979,16.4397,1229.0,1201.0,H,1118.0,1336.0,169.0,H,174.8,-50.6,10.22,-8.75,13.45,-40.6
980,16.4565,1229.0,1201.0,H,1118.0,1336.0,169.0,H,174.8,-50.6,10.17,-8.87,13.49,-41.1
981,16.4734,1229.0,1203.0,H,1118.0,1336.0,169.0,H,173.2,-50.2,10.28,-8.37,13.26,-39.1
982,16.4902,1227.0,1205.0,H,1118.0,1338.0,160.60000610351562,H,172.0,-50.7,9.89,-8.91,13.31,-42.0
983,16.507,1231.0,1203.0,H,1118.0,1336.0,169.0,H,174.5,-49.6,9.98,-8.77,13.29,-41.3
984,16.5238,1231.0,1203.0,H,1118.0,1338.0,167.1999969482422,H,176.1,-50.1,10.64,-9.57,14.31,-42.0
985,16.5406,1229.0,1201.0,H,1118.0,1338.0,167.0,H,176.3,-51.0,10.88,-9.67,14.55,-41.6
986,16.5574,1231.0,1201.0,H,1118.0,1338.0,167.0,H,177.6,-50.5,9.2,-7.46,11.85,-39.1
987,16.5742,1229.0,1201.0,H,1118.0,1338.0,167.0,H,176.3,-51.0,10.16,-9.08,13.62,-41.8
988,16.591,1229.0,1201.0,H,1120.0,1336.0,169.1999969482422,H,173.5,-51.1,10.49,-9.12,13.9,-41.0
989,16.6078,1229.0,1203.0,H,1118.0,1334.0,160.60000610351562,H,171.7,-49.7,9.99,-9.0,13.45,-42.0
990,16.6246,1231.0,1203.0,H,1120.0,1334.0,169.39999389648438,H,171.7,-49.7,10.25,-9.2,13.78,-41.9
991,16.6415,1229.0,1199.0,H,1120.0,1336.0,169.1999969482422,H,175.1,-51.5,10.28,-9.44,13.96,-42.5
992,16.6583,1229.0,1201.0,H,1118.0,1334.0,160.60000610351562,H,173.2,-50.2,9.97,-9.16,13.54,-42.6
993,16.6751,1229.0,1201.0,H,1122.0,1332.0,164.8000030517578,H,169.1,-50.8,9.99,-9.21,13.59,-42.7
994,16.6919,1229.0,1201.0,H,1120.0,1338.0,164.60000610351562,H,175.1,-51.5,9.78,-9.2,13.42,-43.2
995,16.7087,1229.0,1199.0,H,1120.0,1334.0,160.60000610351562,H,173.5,-51.1,10.12,-9.38,13.8,-42.8
996,16.7255,1231.0,1199.0,H,1122.0,1336.0,165.0,H,175.1,-51.5,10.2,-9.42,13.88,-42.7
997,16.7423,1229.0,1199.0,H,1118.0,1336.0,160.39999389648438,H,176.3,-51.0,10.04,-9.34,13.71,-42.9
998,16.7591,1227.0,1201.0,H,1118.0,1336.0,160.39999389648438,H,173.5,-51.1,10.23,-9.4,13.89,-42.6
999,16.7759,1231.0,1201.0,H,1120.0,1338.0,165.0,H,176.3,-51.0,9.81,-9.3,13.52,-43.5
1000,16.7927,1231.0,1201.0,H,1120.0,1338.0,165.0,H,176.3,-51.0,10.26,-9.17,13.76,-41.8
1001,16.8095,1231.0,1201.0,H,1116.0,1332.0,165.0,H,174.3,-48.7,10.05,-9.41,13.76,-43.1
1002,16.8264,1231.0,1199.0,H,1118.0,1330.0,164.8000030517578,H,173.0,-49.2,10.07,-9.35,13.74,-42.9
1003,16.8432,1229.0,1197.0,H,1120.0,1334.0,160.60000610351562,H,175.1,-51.5,10.37,-9.79,14.26,-43.3
1004,16.86,1229.0,1197.0,H,1122.0,1334.0,169.39999389648438,H,173.8,-52.0,9.9,-9.14,13.47,-42.7
1005,16.8768,1231.0,1199.0,H,1120.0,1336.0,166.60000610351562,H,176.3,-51.0,9.65,-9.13,13.28,-43.4
1006,16.8936,1231.0,1199.0,H,1118.0,1330.0,165.0,H,173.0,-49.2,9.97,-9.33,13.65,-43.1
1007,16.9104,1231.0,1195.0,H,1122.0,1336.0,165.0,H,178.2,-52.3,10.08,-9.62,13.93,-43.7
1008,16.9272,1229.0,1197.0,H,1120.0,1332.0,169.1999969482422,H,173.5,-51.1,9.92,-9.16,13.5,-42.7
1009,16.944,1231.0,1195.0,H,1124.0,1334.0,165.0,H,175.4,-52.4,9.91,-9.01,13.4,-42.3
1010,16.9608,1231.0,1199.0,H,1120.0,1334.0,160.60000610351562,H,174.8,-50.6,10.09,-9.56,13.9,-43.5
1011,16.9776,1231.0,1199.0,H,1120.0,1334.0,160.60000610351562,H,174.8,-50.6,10.14,-9.72,14.04,-43.8
1012,16.9945,1231.0,1199.0,H,1120.0,1332.0,160.60000610351562,H,173.2,-50.2,10.53,-9.97,14.5,-43.4
1013,17.0113,1229.0,1197.0,H,1120.0,1332.0,160.60000610351562,H,173.5,-51.1,10.14,-9.68,14.02,-43.7
1014,17.0281,1229.0,1197.0,H,1118.0,1330.0,165.0,H,173.2,-50.2,10.25,-9.81,14.18,-43.7
1015,17.0449,1229.0,1197.0,H,1122.0,1336.0,165.0,H,175.4,-52.4,9.77,-8.42,12.89,-40.8
1016,17.0617,1229.0,1197.0,H,1122.0,1332.0,169.39999389648438,H,172.3,-51.6,10.25,-9.75,14.15,-43.6
1017,17.0785,1229.0,1197.0,H,1122.0,1332.0,169.39999389648438,H,172.3,-51.6,10.03,-9.45,13.78,-43.3
1018,17.0953,1231.0,1197.0,H,1120.0,1332.0,160.60000610351562,H,174.8,-50.6,10.41,-9.82,14.3,-43.3
1019,17.1121,1231.0,1197.0,H,1120.0,1332.0,160.60000610351562,H,174.8,-50.6,10.14,-9.72,14.05,-43.8
1020,17.1289,1231.0,1197.0,H,1122.0,1332.0,160.39999389648438,H,173.5,-51.1,10.03,-9.68,13.93,-44.0
1021,17.1457,1229.0,1195.0,H,1120.0,1332.0,160.60000610351562,H,175.1,-51.5,8.75,-8.58,12.26,-44.4
1022,17.1625,1231.0,1197.0,H,1120.0,1332.0,160.60000610351562,H,174.8,-50.6,9.96,-9.54,13.8,-43.8
1023,17.1794,1231.0,1197.0,H,1126.0,1334.0,165.0,H,172.6,-52.5,9.89,-9.54,13.74,-44.0
1024,17.1962,1229.0,1195.0,H,1120.0,1332.0,160.60000610351562,H,175.1,-51.5,11.03,-10.27,15.07,-43.0
1025,17.213,1229.0,1195.0,H,1126.0,1334.0,165.0,H,173.0,-53.5,9.67,-9.2,13.35,-43.6
1026,17.2298,1229.0,1195.0,H,1122.0,1330.0,160.60000610351562,H,172.3,-51.6,10.39,-8.8,13.62,-40.3
1027,17.2466,1229.0,1195.0,H,1122.0,1330.0,169.39999389648438,H,172.3,-51.6,6.84,-7.91,10.46,-49.2
1028,17.2634,1229.0,1195.0,H,1122.0,1330.0,169.39999389648438,H,172.3,-51.6,10.06,-8.26,13.01,-39.4
1029,17.2802,1231.0,1193.0,H,1122.0,1330.0,169.39999389648438,H,175.1,-51.5,9.83,-9.44,13.63,-43.8
1030,17.297,1231.0,1195.0,H,1122.0,1330.0,169.39999389648438,H,173.5,-51.1,10.08,-9.97,14.18,-44.7
1031,17.3138,1229.0,1195.0,H,1118.0,1330.0,165.0,H,174.8,-50.6,9.49,-9.33,13.31,-44.5
1032,17.3306,1231.0,1195.0,H,1122.0,1332.0,160.60000610351562,H,175.1,-51.5,7.43,-8.69,11.43,-49.5
1033,17.3475,1229.0,1193.0,H,1118.0,1330.0,165.0,H,176.3,-51.0,9.9,-9.69,13.85,-44.4
1034,17.3643,1229.0,1193.0,H,1124.0,1330.0,169.1999969482422,H,172.6,-52.5,12.18,-11.62,16.83,-43.7
1035,17.3811,1229.0,1193.0,H,1122.0,1330.0,160.39999389648438,H,173.8,-52.0,8.98,-9.29,12.92,-46.0
1036,17.3979,1229.0,1193.0,H,1122.0,1330.0,160.39999389648438,H,173.8,-52.0,7.6,-9.14,11.88,-50.3
1037,17.4147,1231.0,1193.0,H,1122.0,1330.0,160.60000610351562,H,175.1,-51.5,10.23,-10.23,14.46,-45.0
1038,17.4315,1227.0,1193.0,H,1122.0,1330.0,160.60000610351562,H,172.6,-52.5,9.61,-9.64,13.61,-45.1
1039,17.4483,1227.0,1193.0,H,1122.0,1330.0,160.60000610351562,H,172.6,-52.5,9.38,-9.56,13.39,-45.6
1040,17.4651,1227.0,1193.0,H,1126.0,1334.0,165.0,H,173.4,-54.4,9.46,-9.68,13.53,-45.7
1041,17.4819,1229.0,1191.0,H,1126.0,1334.0,165.0,H,176.2,-54.2,9.77,-9.67,13.74,-44.7
1042,17.4987,1229.0,1191.0,H,1124.0,1328.0,169.1999969482422,H,172.6,-52.5,10.02,-10.07,14.21,-45.2
1043,17.5155,1229.0,1191.0,H,1124.0,1328.0,162.1999969482422,H,172.6,-52.5,9.4,-9.17,13.14,-44.3
1044,17.5324,1229.0,1191.0,H,1124.0,1328.0,169.39999389648438,H,172.6,-52.5,9.28,-9.41,13.22,-45.4
1045,17.5492,1229.0,1191.0,H,1126.0,1330.0,167.1999969482422,H,173.0,-53.5,9.92,-9.85,13.98,-44.8
1046,17.566,1229.0,1191.0,H,1126.0,1332.0,165.0,H,174.6,-53.9,4.92,-7.62,9.07,-57.2
1047,17.5828,1227.0,1193.0,H,1128.0,1332.0,165.0,H,170.7,-54.5,9.65,-9.75,13.71,-45.3
1048,17.5996,1231.0,1191.0,H,1126.0,1328.0,169.1999969482422,H,172.6,-52.5,9.36,-9.25,13.16,-44.7
1049,17.6164,1229.0,1187.0,H,1124.0,1324.0,165.0,H,172.6,-52.5,9.58,-9.53,13.51,-44.8
1050,17.6332,1229.0,1189.0,H,1122.0,1324.0,165.0,H,172.3,-51.6,9.42,-9.51,13.39,-45.3
1051,17.65,1231.0,1191.0,H,1128.0,1330.0,165.0,H,173.0,-53.5,9.62,-9.54,13.55,-44.8
1052,17.6668,1231.0,1189.0,H,1128.0,1330.0,165.0,H,174.6,-53.9,8.49,-8.15,11.77,-43.8
1053,17.6836,1229.0,1185.0,H,1126.0,1328.0,160.60000610351562,H,176.2,-54.2,9.31,-8.98,12.93,-44.0
1054,17.7005,1229.0,1187.0,H,1126.0,1326.0,160.60000610351562,H,173.0,-53.5,8.9,-8.68,12.43,-44.3
1055,17.7173,1229.0,1185.0,H,1126.0,1326.0,160.60000610351562,H,174.6,-53.9,8.57,-8.16,11.84,-43.6
1056,17.7341,1229.0,1185.0,H,1126.0,1326.0,160.60000610351562,H,174.6,-53.9,5.09,-6.26,8.07,-50.9
1057,17.7509,1229.0,1185.0,H,1126.0,1326.0,160.60000610351562,H,174.6,-53.9,9.02,-10.87,14.13,-50.3
1058,17.7677,1229.0,1187.0,H,1126.0,1326.0,169.1999969482422,H,173.0,-53.5,8.68,-8.81,12.37,-45.4
1059,17.7845,1231.0,1185.0,H,1126.0,1326.0,160.60000610351562,H,175.8,-53.3,8.85,-8.66,12.39,-44.4
1060,17.8013,1231.0,1185.0,H,1130.0,1326.0,165.0,H,173.4,-54.4,8.59,-8.41,12.02,-44.4
1061,17.8181,1229.0,1185.0,H,1124.0,1322.0,165.0,H,172.6,-52.5,9.06,-8.89,12.7,-44.4
1062,17.8349,1231.0,1187.0,H,1130.0,1326.0,165.0,H,171.8,-54.0,5.7,-6.82,8.88,-50.1
1063,17.8517,1229.0,1189.0,H,1124.0,1322.0,164.8000030517578,H,169.5,-51.7,8.4,-8.18,11.72,-44.2
1064,17.8685,1229.0,1189.0,H,1130.0,1326.0,164.60000610351562,H,169.0,-54.1,8.35,-9.96,12.99,-50.0
1065,17.8854,1229.0,1185.0,H,1130.0,1328.0,164.8000030517578,H,173.9,-55.3,8.12,-8.02,11.42,-44.6
1066,17.9022,1229.0,1185.0,H,1130.0,1328.0,164.8000030517578,H,173.9,-55.3,-0.0,-0.0,0.0,-90.0
1067,17.919,1229.0,1185.0,H,1130.0,1328.0,164.8000030517578,H,173.9,-55.3,-0.0,-0.0,0.0,-90.0
1068,17.9358,1229.0,1185.0,H,1130.0,1328.0,164.8000030517578,H,173.9,-55.3,-0.0,-0.0,0.0,-90.0
1069,17.9526,1229.0,1183.0,H,1128.0,1322.0,165.0,H,171.8,-54.0,37.49,-33.27,50.12,-41.6
1070,17.9694,1231.0,1185.0,H,1128.0,1324.0,169.39999389648438,H,173.0,-53.5,3.82,-4.9,6.21,-52.1
1071,17.9862,1231.0,1185.0,H,1128.0,1324.0,169.39999389648438,H,173.0,-53.5,9.62,-8.94,13.13,-42.9
1072,18.003,1229.0,1189.0,H,1130.0,1328.0,165.0,H,170.7,-54.5,7.84,-7.92,11.14,-45.3
1073,18.0198,1229.0,1185.0,H,1130.0,1328.0,165.0,H,173.9,-55.3,8.65,-8.66,12.24,-45.1
1074,18.0366,1229.0,1185.0,H,1126.0,1326.0,160.60000610351562,H,174.6,-53.9,8.97,-9.04,12.73,-45.2
1075,18.0535,1229.0,1185.0,H,1126.0,1326.0,160.60000610351562,H,174.6,-53.9,9.08,-9.03,12.8,-44.9
1076,18.0703,1229.0,1185.0,H,1130.0,1328.0,165.0,H,173.9,-55.3,9.3,-9.06,12.99,-44.2
1077,18.0871,1231.0,1187.0,H,1128.0,1324.0,169.39999389648438,H,171.4,-53.1,6.31,-7.66,9.92,-50.5
1078,18.1039,1231.0,1187.0,H,1128.0,1330.0,165.0,H,176.2,-54.2,9.51,-9.86,13.7,-46.0
1079,18.1207,1229.0,1189.0,H,1130.0,1328.0,165.0,H,170.7,-54.5,8.77,-8.95,12.54,-45.6
1080,18.1375,1229.0,1185.0,H,1126.0,1326.0,160.60000610351562,H,174.6,-53.9,8.94,-9.28,12.88,-46.1
1081,18.1543,1231.0,1187.0,H,1128.0,1324.0,169.39999389648438,H,171.4,-53.1,9.13,-9.86,13.44,-47.2
1082,18.1711,1231.0,1187.0,H,1130.0,1328.0,165.0,H,173.4,-54.4,8.92,-8.87,12.58,-44.8
1083,18.1879,1231.0,1187.0,H,1126.0,1326.0,160.60000610351562,H,174.2,-52.9,5.35,-7.51,9.22,-54.5
1084,18.2047,1229.0,1189.0,H,1128.0,1324.0,169.39999389648438,H,168.6,-53.2,8.82,-9.51,12.97,-47.2
1085,18.2215,1231.0,1187.0,H,1128.0,1324.0,169.39999389648438,H,171.4,-53.1,9.18,-9.13,12.95,-44.8
1086,18.2384,1231.0,1185.0,H,1128.0,1330.0,165.0,H,177.9,-54.6,9.48,-9.96,13.75,-46.4
1087,18.2552,1219.0,1187.0,H,1130.0,1328.0,165.0,H,166.7,-57.7,9.32,-9.45,13.27,-45.4
1088,18.272,1213.0,1183.0,H,1122.0,1324.0,165.0,H,167.8,-57.2,8.83,-8.4,12.19,-43.6
1089,18.2888,1197.0,1181.0,H,1126.0,1326.0,160.60000610351562,H,161.4,-63.9,9.11,-9.52,13.17,-46.3
1090,18.3056,1177.0,1175.0,H,1122.0,1324.0,165.0,H,158.8,-69.7,6.62,-8.77,10.99,-52.9
1091,18.3224,1155.0,1171.0,H,1122.0,1324.0,165.0,H,156.5,-77.8,8.53,-9.66,12.89,-48.6
1092,18.3392,1133.0,1165.0,H,1126.0,1326.0,160.1999969482422,H,161.2,-87.5,7.05,-11.62,13.59,-58.7
1093,18.356,1111.0,1159.0,H,1122.0,1326.0,164.8000030517578,H,167.4,-93.8,6.63,-10.31,12.26,-57.2
1094,18.3728,1089.0,1157.0,H,1122.0,1326.0,165.0,H,172.2,-101.0,3.62,-10.06,10.69,-70.2
1095,18.3896,1067.0,1159.0,H,1130.0,1322.0,165.0,H,174.8,-111.1,4.14,-11.21,11.95,-69.7
1096,18.4065,1047.0,1165.0,H,1128.0,1320.0,165.0,H,174.9,-117.6,2.16,-10.79,11.0,-78.7
1097,18.4233,1031.0,1165.0,H,1120.0,1310.0,165.0,H,170.1,-121.5,0.66,-11.21,11.23,-86.6
1098,18.4401,1011.0,1169.0,H,1116.0,1306.0,160.39999389648438,H,172.6,-127.5,-0.45,-10.99,11.0,-92.3
1099,18.4569,997.0,1165.0,H,1110.0,1296.0,160.39999389648438,H,173.0,-130.8,-1.84,-10.4,10.57,-100.0
1100,18.4737,981.0,1161.0,H,1102.0,1282.0,165.0,H,171.1,-135.0,-3.75,-9.98,10.66,-110.6
1101,18.4905,965.0,1157.0,H,1092.0,1276.0,160.60000610351562,H,174.0,-136.9,-4.43,-10.49,11.39,-112.9
1102,18.5073,955.0,1153.0,H,1078.0,1266.0,165.0,H,167.0,-137.4,-5.52,-10.24,11.64,-118.3
1103,18.5241,945.0,1147.0,H,1074.0,1258.0,169.39999389648438,H,170.2,-139.3,-7.16,-9.59,11.97,-126.8
1104,18.5409,939.0,1141.0,H,1064.0,1250.0,165.0,H,165.8,-138.9,-7.4,-9.2,11.81,-128.8
1105,18.5577,931.0,1135.0,H,1064.0,1248.0,160.39999389648438,H,174.5,-139.6,-8.44,-8.69,12.11,-134.2
1106,18.5746,927.0,1131.0,H,1058.0,1244.0,160.60000610351562,H,173.0,-139.2,-8.89,-8.75,12.47,-135.4
1107,18.5914,925.0,1127.0,H,1054.0,1244.0,165.0,H,174.2,-137.8,-9.7,-8.51,12.9,-138.7
1108,18.6082,921.0,1123.0,H,1050.0,1238.0,169.39999389648438,H,172.8,-138.3,-9.9,-8.06,12.77,-140.8
1109,18.625,921.0,1119.0,H,1048.0,1232.0,165.0,H,170.0,-138.3,-10.02,-8.12,12.9,-141.0
1110,18.6418,919.0,1119.0,H,1048.0,1234.0,160.60000610351562,H,172.8,-138.3,-10.51,-8.17,13.31,-142.1
1111,18.6586,919.0,1117.0,H,1044.0,1236.0,165.0,H,172.6,-136.4,-10.84,-8.18,13.58,-143.0
1112,18.6754,919.0,1113.0,H,1044.0,1234.0,160.60000610351562,H,174.0,-135.9,-10.78,-7.68,13.24,-144.5
1113,18.6922,919.0,1113.0,H,1046.0,1230.0,165.0,H,172.7,-137.3,-10.84,-8.09,13.53,-143.2
1114,18.709,917.0,1111.0,H,1040.0,1230.0,169.1999969482422,H,171.1,-135.9,-11.04,-7.97,13.61,-144.2
1115,18.7258,915.0,1113.0,H,1044.0,1226.0,165.0,H,171.5,-138.8,-11.19,-8.4,14.0,-143.1
1116,18.7426,915.0,1111.0,H,1044.0,1226.0,165.0,H,172.8,-138.3,-11.39,-8.25,14.06,-144.1
1117,18.7595,915.0,1111.0,H,1040.0,1230.0,160.39999389648438,H,172.6,-136.4,-11.08,-8.02,13.68,-144.1
1118,18.7763,915.0,1109.0,H,1036.0,1230.0,165.0,H,171.1,-135.0,-11.22,-8.21,13.9,-143.8
1119,18.7931,915.0,1107.0,H,1036.0,1224.0,165.0,H,168.3,-136.0,-11.38,-7.89,13.85,-145.3
1120,18.8099,915.0,1109.0,H,1040.0,1228.0,160.39999389648438,H,172.6,-136.4,-11.64,-8.61,14.47,-143.5
1121,18.8267,915.0,1107.0,H,1038.0,1228.0,160.60000610351562,H,172.5,-135.5,-10.73,-7.82,13.27,-143.9
1122,18.8435,915.0,1105.0,H,1040.0,1228.0,160.60000610351562,H,175.4,-135.5,-12.39,-8.88,15.24,-144.4
1123,18.8603,913.0,1107.0,H,1038.0,1226.0,169.0,H,172.6,-136.4,-11.39,-7.9,13.86,-145.3
1124,18.8771,915.0,1105.0,H,1042.0,1226.0,164.8000030517578,H,175.4,-136.4,-11.84,-8.55,14.61,-144.2
1125,18.8939,915.0,1105.0,H,1038.0,1226.0,162.0,H,172.5,-135.5,-12.06,-9.28,15.22,-142.4
1126,18.9107,915.0,1105.0,H,1036.0,1226.0,169.39999389648438,H,171.1,-135.0,-11.61,-8.22,14.22,-144.7
1127,18.9276,915.0,1103.0,H,1036.0,1222.0,165.0,H,169.7,-135.5,-11.51,-8.26,14.17,-144.3
1128,18.9444,915.0,1103.0,H,1038.0,1224.0,167.1999969482422,H,172.5,-135.5,-11.31,-7.96,13.83,-144.9
1129,18.9612,915.0,1103.0,H,1036.0,1224.0,169.0,H,171.1,-135.0,-11.39,-7.86,13.84,-145.4
1130,18.978,915.0,1101.0,H,1036.0,1224.0,169.0,H,172.5,-134.5,-11.09,-7.86,13.59,-144.7
1131,18.9948,915.0,1099.0,H,1038.0,1224.0,166.8000030517578,H,175.4,-134.5,-11.13,-7.83,13.61,-144.8
1132,19.0116,915.0,1099.0,H,1034.0,1222.0,162.0,H,171.1,-134.1,-11.19,-7.77,13.62,-145.2
1133,19.0284,917.0,1095.0,H,1034.0,1224.0,160.60000610351562,H,174.2,-132.2,-10.49,-8.33,13.39,-141.5
1134,19.0452,915.0,1095.0,H,1032.0,1222.0,169.39999389648438,H,172.7,-132.7,-11.17,-8.38,13.96,-143.1
1135,19.062,917.0,1093.0,H,1032.0,1220.0,169.39999389648438,H,171.3,-132.2,-10.87,-7.92,13.45,-143.9
1136,19.0788,917.0,1093.0,H,1028.0,1222.0,164.39999389648438,H,170.2,-130.7,-10.93,-7.83,13.44,-144.4
1137,19.0956,917.0,1089.0,H,1030.0,1220.0,160.60000610351562,H,173.0,-130.8,-10.86,-8.25,13.64,-142.8
1138,19.1125,917.0,1089.0,H,1030.0,1218.0,162.0,H,171.5,-131.2,-10.63,-8.02,13.32,-143.0
1139,19.1293,917.0,1087.0,H,1028.0,1218.0,169.39999389648438,H,171.7,-130.3,-10.82,-8.55,13.79,-141.7
1140,19.1461,917.0,1087.0,H,1032.0,1216.0,164.8000030517578,H,172.8,-131.7,-10.57,-8.51,13.58,-141.2
1141,19.1629,917.0,1085.0,H,1028.0,1218.0,160.60000610351562,H,173.2,-129.8,-10.44,-8.08,13.2,-142.3
1142,19.1797,915.0,1083.0,H,1024.0,1218.0,164.8000030517578,H,173.5,-128.9,-10.48,-8.32,13.38,-141.5
1143,19.1965,915.0,1083.0,H,1028.0,1216.0,160.60000610351562,H,174.5,-130.4,-9.64,-8.99,13.18,-137.0
1144,19.2133,915.0,1081.0,H,1026.0,1216.0,160.60000610351562,H,174.8,-129.4,-7.09,-5.01,8.69,-144.7
1145,19.2301,915.0,1083.0,H,1030.0,1214.0,165.0,H,174.3,-131.3,-10.33,-8.49,13.38,-140.6
1146,19.2469,917.0,1081.0,H,1022.0,1210.0,165.0,H,166.3,-129.1,-9.7,-8.11,12.64,-140.1
1147,19.2637,915.0,1079.0,H,1026.0,1214.0,160.39999389648438,H,174.8,-129.4,-9.39,-9.51,13.37,-134.6
1148,19.2806,915.0,1077.0,H,1024.0,1212.0,169.39999389648438,H,173.5,-128.9,-10.1,-11.48,15.29,-131.4
1149,19.2974,917.0,1077.0,H,1020.0,1210.0,165.0,H,168.2,-127.8,-8.7,-7.44,11.44,-139.5
1150,19.3142,917.0,1077.0,H,1024.0,1212.0,160.60000610351562,H,172.3,-128.4,-9.17,-8.78,12.69,-136.3
1151,19.331,915.0,1073.0,H,1022.0,1212.0,160.60000610351562,H,175.4,-127.6,-8.64,-8.53,12.14,-135.3
1152,19.3478,917.0,1073.0,H,1022.0,1210.0,168.8000030517578,H,172.6,-127.5,-8.24,-5.72,10.03,-145.3
1153,19.3646,915.0,1071.0,H,1024.0,1210.0,167.1999969482422,H,176.6,-128.1,-9.3,-9.01,12.95,-135.9
1154,19.3814,915.0,1069.0,H,1024.0,1206.0,165.0,H,175.1,-128.5,-9.27,-9.73,13.44,-133.6
1155,19.3982,915.0,1069.0,H,1018.0,1208.0,162.8000030517578,H,173.0,-126.5,-9.14,-9.21,12.98,-134.8
1156,19.415,917.0,1067.0,H,1020.0,1208.0,160.60000610351562,H,174.6,-126.1,-9.66,-9.56,13.59,-135.3
1157,19.4318,917.0,1067.0,H,1018.0,1204.0,169.39999389648438,H,170.2,-126.4,-9.02,-9.22,12.9,-134.4
1158,19.4486,915.0,1065.0,H,1020.0,1202.0,165.0,H,172.6,-127.5,-9.0,-9.07,12.78,-134.8
1159,19.4655,915.0,1063.0,H,1014.0,1204.0,165.0,H,172.3,-125.1,-9.13,-10.38,13.83,-131.3
1160,19.4823,915.0,1063.0,H,1016.0,1204.0,160.39999389648438,H,173.4,-125.6,-8.91,-10.25,13.58,-131.0
1161,19.4991,915.0,1061.0,H,1016.0,1202.0,160.39999389648438,H,173.4,-125.6,-8.65,-8.1,11.85,-136.9
1162,19.5159,915.0,1059.0,H,1016.0,1202.0,160.1999969482422,H,175.1,-125.2,-8.6,-8.42,12.03,-135.6
1163,19.5327,915.0,1057.0,H,1010.0,1202.0,165.0,H,173.3,-123.2,-4.49,-2.64,5.21,-149.5
1164,19.5495,915.0,1057.0,H,1012.0,1200.0,162.8000030517578,H,172.8,-124.1,-7.46,-6.33,9.78,-139.7
1165,19.5663,915.0,1055.0,H,1014.0,1198.0,168.60000610351562,H,173.9,-124.7,-9.22,-9.09,12.94,-135.4
1166,19.5831,917.0,1053.0,H,1014.0,1198.0,160.60000610351562,H,174.5,-123.8,-6.15,-5.65,8.35,-137.4
1167,19.5999,923.0,1049.0,H,1014.0,1198.0,160.60000610351562,H,174.6,-121.4,-7.24,-6.74,9.9,-137.0
1168,19.6167,925.0,1045.0,H,1012.0,1198.0,160.39999389648438,H,176.0,-119.6,-6.75,-6.24,9.2,-137.2
1169,19.6336,933.0,1045.0,H,1016.0,1194.0,165.0,H,170.6,-119.1,-7.98,-8.19,11.44,-134.3
1170,19.6504,943.0,1043.0,H,1012.0,1198.0,160.39999389648438,H,169.7,-114.0,-7.5,-7.93,10.92,-133.4
1171,19.6672,955.0,1043.0,H,1014.0,1200.0,165.0,H,167.7,-110.6,-7.76,-10.32,12.91,-126.9
1172,19.684,967.0,1039.0,H,1008.0,1196.0,165.0,H,162.3,-104.6,-5.35,-5.85,7.93,-132.4
1173,19.7008,979.0,1037.0,H,1016.0,1200.0,165.0,H,167.1,-102.8,-4.99,-6.34,8.06,-128.2
1174,19.7176,987.0,1035.0,H,1010.0,1198.0,160.60000610351562,H,164.6,-98.0,-6.61,-10.71,12.58,-121.7
1175,19.7344,997.0,1033.0,H,1014.0,1196.0,162.8000030517578,H,163.9,-96.0,-4.68,-8.03,9.29,-120.3
1176,19.7512,1005.0,1031.0,H,1014.0,1196.0,169.39999389648438,H,165.2,-93.1,-6.24,-11.92,13.46,-117.6
1177,19.768,1011.0,1029.0,H,1012.0,1198.0,160.39999389648438,H,169.0,-90.3,-3.38,-8.96,9.58,-110.7
1178,19.7848,1017.0,1029.0,H,1012.0,1198.0,160.39999389648438,H,169.1,-88.3,-1.29,-7.66,7.77,-99.6
1179,19.8016,1023.0,1027.0,H,1012.0,1198.0,160.39999389648438,H,171.4,-86.3,-3.01,-9.86,10.31,-107.0
1180,19.8185,1027.0,1025.0,H,1012.0,1198.0,160.39999389648438,H,173.6,-85.0,-3.03,-11.52,11.91,-104.7
1181,19.8353,1029.0,1025.0,H,1012.0,1198.0,160.60000610351562,H,173.8,-84.4,-0.26,-8.82,8.82,-91.7
1182,19.8521,1031.0,1023.0,H,1016.0,1196.0,164.8000030517578,H,173.6,-85.0,-1.85,-10.54,10.7,-100.0
1183,19.8689,1031.0,1023.0,H,1012.0,1198.0,160.39999389648438,H,176.0,-83.8,-0.04,-10.86,10.86,-90.2
1184,19.8857,1031.0,1021.0,H,1008.0,1198.0,164.8000030517578,H,178.5,-82.6,-0.11,-10.81,10.81,-90.6
1185,19.9025,1033.0,1021.0,H,1012.0,1196.0,168.60000610351562,H,176.3,-83.2,-1.03,-11.62,11.66,-95.1
1186,19.9193,1033.0,1021.0,H,1012.0,1196.0,169.0,H,176.3,-83.2,1.04,-11.9,11.95,-85.0
1187,19.9361,1033.0,1021.0,H,1012.0,1194.0,169.1999969482422,H,174.3,-83.1,2.13,-10.8,11.01,-78.9
1188,19.9529,1033.0,1021.0,H,1014.0,1198.0,164.60000610351562,H,178.0,-83.9,0.89,-11.83,11.86,-85.7
1189,19.9697,1033.0,1019.0,H,1012.0,1194.0,160.39999389648438,H,176.3,-83.2,0.19,-16.43,16.43,-89.3
1190,19.9866,1031.0,1019.0,H,1012.0,1192.0,161.60000610351562,H,174.0,-83.7,-1.27,-14.23,14.29,-95.1
1191,20.0034,1033.0,1017.0,H,1014.0,1192.0,160.1999969482422,H,176.0,-83.8,1.25,-11.58,11.65,-83.8
1192,20.0202,1033.0,1017.0,H,1012.0,1192.0,160.1999969482422,H,176.3,-83.2,0.07,-12.44,12.44,-89.7
1193,20.037,1033.0,1015.0,H,1012.0,1190.0,160.39999389648438,H,176.3,-83.2,0.82,-11.85,11.88,-86.1
1194,20.0538,1033.0,1015.0,H,1014.0,1190.0,168.60000610351562,H,176.0,-83.8,4.08,-10.26,11.04,-68.3
1195,20.0706,1035.0,1013.0,H,1012.0,1188.0,169.1999969482422,H,176.5,-82.5,1.82,-12.17,12.3,-81.5
1196,20.0874,1035.0,1013.0,H,1012.0,1188.0,160.39999389648438,H,176.5,-82.5,1.78,-12.02,12.15,-81.6
1197,20.1042,1035.0,1013.0,H,1012.0,1186.0,168.39999389648438,H,174.5,-82.4,1.6,-12.81,12.91,-82.9
1198,20.121,1037.0,1013.0,H,1012.0,1188.0,160.39999389648438,H,176.8,-81.9,1.66,-11.88,11.99,-82.0
1199,20.1378,1037.0,1011.0,H,1014.0,1186.0,161.39999389648438,H,176.5,-82.5,0.5,-12.88,12.89,-87.8
1200,20.1546,1037.0,1013.0,H,1014.0,1186.0,169.0,H,174.5,-82.4,0.62,-12.79,12.8,-87.2
1201,20.1715,1041.0,1013.0,H,1014.0,1186.0,169.0,H,175.1,-81.1,2.13,-11.74,11.93,-79.7
1202,20.1883,1041.0,1011.0,H,1014.0,1186.0,161.8000030517578,H,177.1,-81.2,2.14,-11.59,11.78,-79.5
1203,20.2051,1041.0,1013.0,H,1010.0,1186.0,164.8000030517578,H,175.8,-79.8,1.84,-11.9,12.04,-81.2
1204,20.2219,1043.0,1011.0,H,1010.0,1184.0,164.60000610351562,H,176.1,-79.2,1.96,-12.4,12.55,-81.0
1205,20.2387,1045.0,1013.0,H,1016.0,1188.0,164.8000030517578,H,177.4,-80.6,2.67,-11.69,12.0,-77.1
1206,20.2555,1051.0,1013.0,H,1018.0,1186.0,164.8000030517578,H,176.1,-79.2,2.36,-12.3,12.52,-79.1
1207,20.2723,1051.0,1015.0,H,1014.0,1184.0,169.39999389648438,H,173.0,-77.7,2.12,-12.46,12.64,-80.4
1208,20.2891,1055.0,1011.0,H,1014.0,1184.0,169.0,H,177.8,-76.7,2.64,-11.87,12.16,-77.4
1209,20.3059,1055.0,1013.0,H,1016.0,1182.0,162.60000610351562,H,173.4,-77.0,2.46,-12.21,12.45,-78.6
1210,20.3227,1057.0,1013.0,H,1010.0,1182.0,164.8000030517578,H,175.4,-74.5,2.88,-11.92,12.26,-76.4
1211,20.3396,1061.0,1013.0,H,1012.0,1182.0,166.8000030517578,H,176.0,-73.8,3.35,-11.76,12.23,-74.1
1212,20.3564,1065.0,1015.0,H,1014.0,1180.0,169.0,H,172.7,-72.8,3.31,-11.25,11.73,-73.6
1213,20.3732,1067.0,1013.0,H,1018.0,1182.0,164.8000030517578,H,176.0,-73.8,3.27,-11.72,12.17,-74.4
1214,20.39,1069.0,1013.0,H,1014.0,1180.0,168.60000610351562,H,175.8,-71.8,3.2,-11.99,12.41,-75.1
1215,20.4068,1073.0,1015.0,H,1016.0,1180.0,169.0,H,174.6,-70.9,3.65,-11.62,12.18,-72.5
1216,20.4236,1075.0,1015.0,H,1012.0,1178.0,165.0,H,174.8,-68.9,3.99,-11.85,12.5,-71.4
1217,20.4404,1081.0,1015.0,H,1012.0,1178.0,165.0,H,177.0,-67.1,4.07,-11.76,12.45,-70.9
1218,20.4572,1085.0,1015.0,H,1014.0,1172.0,165.0,H,172.3,-65.7,4.44,-10.98,11.84,-68.0
1219,20.474,1091.0,1017.0,H,1018.0,1174.0,169.39999389648438,H,173.1,-65.1,4.59,-11.75,12.61,-68.7
1220,20.4908,1097.0,1017.0,H,1022.0,1174.0,165.0,H,174.0,-64.5,4.82,-11.44,12.42,-67.1
1221,20.5076,1101.0,1019.0,H,1016.0,1168.0,164.8000030517578,H,171.5,-60.3,5.1,-11.88,12.93,-66.8
1222,20.5245,1107.0,1019.0,H,1020.0,1168.0,169.39999389648438,H,172.5,-59.7,5.34,-11.54,12.72,-65.2
1223,20.5413,1113.0,1019.0,H,1018.0,1164.0,164.8000030517578,H,173.3,-56.8,5.65,-11.39,12.71,-63.6
1224,20.5581,1119.0,1017.0,H,1024.0,1164.0,169.1999969482422,H,175.0,-57.1,6.27,-11.12,12.76,-60.6
1225,20.5749,1123.0,1017.0,H,1022.0,1158.0,164.8000030517578,H,173.4,-54.4,6.11,-10.89,12.48,-60.7
1226,20.5917,1129.0,1017.0,H,1026.0,1158.0,169.0,H,174.6,-53.9,6.5,-11.28,13.02,-60.1
1227,20.6085,1133.0,1015.0,H,1030.0,1154.0,169.39999389648438,H,173.0,-53.5,6.91,-10.65,12.69,-57.0
1228,20.6253,1139.0,1017.0,H,1030.0,1152.0,160.1999969482422,H,173.5,-51.1,7.41,-10.16,12.58,-53.9
1229,20.6421,1143.0,1013.0,H,1030.0,1146.0,165.0,H,174.5,-49.6,7.42,-11.11,13.35,-56.3
1230,20.6589,1147.0,1015.0,H,1034.0,1146.0,169.0,H,173.0,-49.2,8.12,-9.79,12.72,-50.3
1231,20.6757,1151.0,1013.0,H,1036.0,1144.0,160.60000610351562,H,174.3,-48.7,8.7,-10.84,13.9,-51.2
1232,20.6926,1155.0,1011.0,H,1042.0,1146.0,165.0,H,176.1,-50.1,8.71,-9.51,12.9,-47.5
1233,20.7094,1159.0,1011.0,H,1042.0,1140.0,169.1999969482422,H,174.2,-47.8,8.74,-10.21,13.44,-49.4
1234,20.7262,1159.0,1011.0,H,1042.0,1138.0,160.39999389648438,H,172.7,-47.3,8.78,-10.15,13.42,-49.2
1235,20.743,1163.0,1009.0,H,1046.0,1140.0,165.0,H,175.6,-48.2,9.67,-9.82,13.78,-45.4
1236,20.7598,1163.0,1009.0,H,1046.0,1134.0,169.1999969482422,H,171.2,-46.9,9.74,-9.01,13.27,-42.7
1237,20.7766,1165.0,1009.0,H,1048.0,1138.0,165.0,H,174.2,-47.8,9.91,-8.58,13.11,-40.9
1238,20.7934,1167.0,1009.0,H,1046.0,1136.0,167.1999969482422,H,175.4,-46.4,9.94,-8.94,13.37,-42.0
1239,20.8102,1169.0,1007.0,H,1048.0,1132.0,169.1999969482422,H,174.0,-45.9,10.01,-8.87,13.38,-41.6
1240,20.827,1167.0,1007.0,H,1046.0,1132.0,167.0,H,174.0,-45.9,10.28,-8.61,13.41,-39.9
1241,20.8438,1167.0,1007.0,H,1050.0,1132.0,169.1999969482422,H,171.2,-46.9,10.48,-8.64,13.58,-39.5
1242,20.8606,1169.0,1007.0,H,1048.0,1130.0,169.39999389648438,H,172.5,-45.5,10.42,-8.5,13.45,-39.2
1243,20.8775,1169.0,1007.0,H,1046.0,1128.0,164.60000610351562,H,172.5,-44.5,9.59,-8.65,12.92,-42.1
1244,20.8943,1171.0,1007.0,H,1046.0,1128.0,164.60000610351562,H,174.0,-44.1,10.8,-7.77,13.3,-35.8
1245,20.9111,1171.0,1007.0,H,1050.0,1130.0,169.39999389648438,H,172.5,-45.5,10.95,-8.29,13.73,-37.1
1246,20.9279,1171.0,1007.0,H,1050.0,1130.0,169.0,H,172.5,-45.5,10.42,-8.15,13.22,-38.0
1247,20.9447,1171.0,1007.0,H,1052.0,1134.0,164.8000030517578,H,174.0,-46.9,10.24,-8.52,13.32,-39.8
1248,20.9615,1173.0,1007.0,H,1052.0,1130.0,162.39999389648438,H,172.5,-45.5,10.42,-8.8,13.64,-40.2
1249,20.9783,1173.0,1007.0,H,1050.0,1130.0,168.8000030517578,H,173.9,-45.0,10.72,-8.32,13.57,-37.8
1250,20.9951,1171.0,1007.0,H,1050.0,1130.0,168.8000030517578,H,172.5,-45.5,10.64,-8.37,13.53,-38.2
1251,21.0119,1173.0,1007.0,H,1050.0,1130.0,168.8000030517578,H,173.9,-45.0,10.64,-8.29,13.49,-37.9
1252,21.0287,1173.0,1007.0,H,1054.0,1132.0,164.60000610351562,H,172.6,-46.4,10.63,-8.15,13.39,-37.5
1253,21.0456,1173.0,1005.0,H,1054.0,1132.0,164.60000610351562,H,174.0,-46.9,10.74,-8.49,13.69,-38.3
1254,21.0624,1171.0,1007.0,H,1050.0,1130.0,160.39999389648438,H,172.5,-45.5,10.63,-8.36,13.52,-38.2
1255,21.0792,1173.0,1005.0,H,1050.0,1130.0,160.39999389648438,H,175.4,-45.5,10.91,-8.56,13.87,-38.1
1256,21.096,1173.0,1005.0,H,1050.0,1130.0,160.39999389648438,H,175.4,-45.5,10.99,-7.81,13.48,-35.4
1257,21.1128,1173.0,1007.0,H,1050.0,1130.0,160.39999389648438,H,173.9,-45.0,10.93,-8.18,13.65,-36.8
1258,21.1296,1173.0,1007.0,H,1050.0,1130.0,160.39999389648438,H,173.9,-45.0,11.36,-8.41,14.14,-36.5
1259,21.1464,1175.0,1005.0,H,1050.0,1130.0,160.39999389648438,H,176.8,-45.0,10.65,-8.6,13.69,-38.9
1260,21.1632,1175.0,1007.0,H,1050.0,1128.0,169.39999389648438,H,174.0,-44.1,11.19,-8.16,13.85,-36.1
1261,21.18,1175.0,1007.0,H,1050.0,1130.0,160.39999389648438,H,175.4,-44.5,10.58,-8.47,13.55,-38.7
1262,21.1968,1173.0,1007.0,H,1052.0,1130.0,169.0,H,172.5,-45.5,11.1,-8.58,14.03,-37.7
1263,21.2136,1175.0,1005.0,H,1054.0,1132.0,164.60000610351562,H,175.4,-46.4,10.77,-8.19,13.53,-37.3
1264,21.2305,1175.0,1007.0,H,1054.0,1132.0,164.8000030517578,H,174.0,-45.9,10.59,-6.83,12.6,-32.8
1265,21.2473,1173.0,1005.0,H,1052.0,1128.0,169.39999389648438,H,172.5,-45.5,11.34,-9.18,14.59,-39.0
1266,21.2641,1173.0,1007.0,H,1054.0,1132.0,164.60000610351562,H,172.6,-46.4,9.94,-7.12,12.23,-35.6
1267,21.2809,1175.0,1005.0,H,1052.0,1130.0,160.60000610351562,H,175.4,-45.5,10.92,-8.08,13.58,-36.5
1268,21.2977,1175.0,1007.0,H,1052.0,1132.0,165.0,H,175.4,-45.5,10.76,-7.86,13.32,-36.2
1269,21.3145,1175.0,1007.0,H,1052.0,1130.0,160.60000610351562,H,173.9,-45.0,10.85,-8.02,13.49,-36.5
1270,21.3313,1175.0,1007.0,H,1052.0,1130.0,160.39999389648438,H,173.9,-45.0,11.09,-8.4,13.92,-37.1
1271,21.3481,1175.0,1005.0,H,1052.0,1130.0,160.1999969482422,H,175.4,-45.5,10.74,-7.79,13.27,-35.9
1272,21.3649,1173.0,1007.0,H,1054.0,1132.0,165.0,H,172.6,-46.4,11.1,-7.97,13.67,-35.7
1273,21.3817,1173.0,1007.0,H,1054.0,1132.0,165.0,H,172.6,-46.4,11.0,-8.07,13.64,-36.2
1274,21.3986,1173.0,1007.0,H,1054.0,1132.0,165.0,H,172.6,-46.4,10.89,-8.18,13.62,-36.9
1275,21.4154,1175.0,1007.0,H,1054.0,1132.0,165.0,H,174.0,-45.9,11.1,-8.42,13.93,-37.2
1276,21.4322,1175.0,1007.0,H,1050.0,1124.0,165.0,H,171.2,-43.1,10.53,-8.1,13.28,-37.6
1277,21.449,1177.0,1005.0,H,1052.0,1128.0,160.60000610351562,H,175.4,-44.5,10.37,-8.62,13.49,-39.7
1278,21.4658,1175.0,1007.0,H,1052.0,1126.0,169.1999969482422,H,171.1,-44.1,10.4,-7.35,12.74,-35.3
1279,21.4826,1177.0,1007.0,H,1052.0,1128.0,160.39999389648438,H,174.0,-44.1,10.96,-7.97,13.55,-36.0
1280,21.4994,1177.0,1007.0,H,1054.0,1124.0,165.0,H,169.8,-43.6,11.28,-8.41,14.07,-36.7
1281,21.5162,1179.0,1009.0,H,1050.0,1124.0,165.0,H,172.8,-41.7,10.78,-7.82,13.32,-36.0
1282,21.533,1181.0,1007.0,H,1054.0,1126.0,169.39999389648438,H,174.0,-43.1,10.89,-7.91,13.46,-36.0
1283,21.5498,1177.0,1007.0,H,1054.0,1126.0,169.1999969482422,H,171.1,-44.1,10.15,-8.75,13.4,-40.8
1284,21.5666,1179.0,1007.0,H,1054.0,1126.0,169.1999969482422,H,172.6,-43.6,10.48,-8.21,13.31,-38.1
1285,21.5835,1179.0,1007.0,H,1054.0,1126.0,169.1999969482422,H,172.6,-43.6,10.77,-8.32,13.61,-37.7
1286,21.6003,1177.0,1011.0,H,1054.0,1130.0,165.0,H,171.1,-44.1,11.1,-8.3,13.86,-36.8
1287,21.6171,1183.0,1009.0,H,1054.0,1130.0,165.0,H,176.9,-43.2,10.94,-8.04,13.58,-36.3
1288,21.6339,1179.0,1007.0,H,1054.0,1126.0,160.39999389648438,H,172.6,-43.6,10.77,-7.92,13.37,-36.3
1289,21.6507,1181.0,1007.0,H,1056.0,1126.0,169.1999969482422,H,172.6,-43.6,10.93,-8.82,14.05,-38.9
1290,21.6675,1181.0,1007.0,H,1054.0,1126.0,160.39999389648438,H,174.0,-43.1,11.02,-7.92,13.57,-35.7
1291,21.6843,1181.0,1005.0,H,1052.0,1124.0,165.0,H,175.5,-42.7,11.08,-7.96,13.65,-35.7
1292,21.7011,1181.0,1007.0,H,1054.0,1122.0,165.0,H,171.3,-42.2,11.21,-8.32,13.96,-36.6
1293,21.7179,1183.0,1007.0,H,1052.0,1124.0,165.0,H,175.6,-41.8,10.78,-7.65,13.22,-35.3
1294,21.7347,1181.0,1007.0,H,1052.0,1124.0,165.0,H,174.2,-42.2,11.12,-7.87,13.62,-35.3
1295,21.7516,1181.0,1007.0,H,1052.0,1124.0,165.0,H,174.2,-42.2,11.44,-8.04,13.99,-35.1
1296,21.7684,1181.0,1005.0,H,1052.0,1124.0,165.0,H,175.5,-42.7,11.12,-7.69,13.52,-34.7
1297,21.7852,1181.0,1009.0,H,1054.0,1122.0,165.0,H,170.0,-41.7,11.38,-8.18,14.01,-35.7
1298,21.802,1187.0,1009.0,H,1060.0,1128.0,165.0,H,174.0,-43.1,10.91,-7.94,13.49,-36.0
1299,21.8188,1183.0,1007.0,H,1056.0,1124.0,169.1999969482422,H,172.7,-42.7,10.96,-7.82,13.46,-35.5
1300,21.8356,1187.0,1005.0,H,1058.0,1128.0,164.8000030517578,H,178.2,-43.6,11.55,-7.78,13.93,-34.0
1301,21.8524,1183.0,1007.0,H,1058.0,1128.0,164.8000030517578,H,174.0,-44.1,11.03,-7.61,13.4,-34.6
1302,21.8692,1187.0,1005.0,H,1054.0,1128.0,164.1999969482422,H,181.2,-42.8,11.27,-8.08,13.87,-35.6
1303,21.886,1187.0,1007.0,H,1058.0,1124.0,169.1999969482422,H,174.2,-42.2,11.54,-8.06,14.07,-34.9
1304,21.9028,1187.0,1007.0,H,1056.0,1120.0,165.0,H,173.0,-40.8,11.26,-7.35,13.44,-33.1
1305,21.9197,1183.0,1007.0,H,1058.0,1120.0,165.0,H,168.5,-42.1,11.68,-8.16,14.25,-34.9
1306,21.9365,1185.0,1005.0,H,1058.0,1122.0,162.39999389648438,H,172.7,-42.7,11.33,-7.94,13.84,-35.0
1307,21.9533,1187.0,1007.0,H,1060.0,1122.0,162.39999389648438,H,171.3,-42.2,11.68,-7.74,14.01,-33.5
1308,21.9701,1189.0,1007.0,H,1060.0,1122.0,162.39999389648438,H,172.8,-41.7,11.2,-7.66,13.57,-34.4
1309,21.9869,1189.0,1007.0,H,1060.0,1122.0,162.60000610351562,H,172.8,-41.7,11.83,-7.93,14.25,-33.8
1310,22.0037,1191.0,1009.0,H,1060.0,1122.0,162.39999389648438,H,173.0,-40.8,10.94,-7.43,13.22,-34.2
1311,22.0205,1189.0,1007.0,H,1060.0,1122.0,162.60000610351562,H,172.8,-41.7,12.0,-7.81,14.32,-33.0
1312,22.0373,1189.0,1007.0,H,1060.0,1122.0,169.39999389648438,H,172.8,-41.7,11.63,-8.11,14.18,-34.9
1313,22.0541,1187.0,1007.0,H,1060.0,1122.0,160.60000610351562,H,171.3,-42.2,11.82,-7.43,13.97,-32.2
1314,22.0709,1189.0,1005.0,H,1060.0,1122.0,160.60000610351562,H,174.2,-42.2,12.42,-7.37,14.44,-30.7
1315,22.0877,1191.0,1007.0,H,1062.0,1120.0,162.8000030517578,H,171.5,-41.2,12.04,-7.72,14.3,-32.7
1316,22.1046,1195.0,1009.0,H,1062.0,1116.0,165.0,H,170.7,-38.8,11.53,-6.69,13.33,-30.1
1317,22.1214,1189.0,1009.0,H,1066.0,1122.0,164.8000030517578,H,167.0,-42.6,11.64,-7.75,13.99,-33.7
1318,22.1382,1191.0,1009.0,H,1060.0,1116.0,165.0,H,169.1,-39.2,11.94,-7.13,13.91,-30.9
1319,22.155,1195.0,1009.0,H,1060.0,1116.0,165.0,H,172.3,-38.4,12.04,-7.13,13.99,-30.6
1320,22.1718,1195.0,1007.0,H,1060.0,1116.0,164.1999969482422,H,173.5,-38.9,12.16,-7.43,14.25,-31.4
1321,22.1886,1195.0,1005.0,H,1062.0,1118.0,161.60000610351562,H,174.5,-40.4,12.03,-7.66,14.26,-32.5
1322,22.2054,1197.0,1007.0,H,1062.0,1118.0,162.0,H,174.8,-39.4,11.81,-7.55,14.01,-32.6
1323,22.2222,1193.0,1007.0,H,1064.0,1120.0,160.39999389648438,H,171.5,-41.2,12.14,-7.44,14.24,-31.5
1324,22.239,1197.0,1005.0,H,1060.0,1120.0,164.39999389648438,H,178.9,-40.0,12.26,-7.48,14.36,-31.4
1325,22.2558,1201.0,1007.0,H,1066.0,1114.0,165.0,H,172.3,-38.4,11.62,-6.46,13.29,-29.1
1326,22.2727,1197.0,1007.0,H,1062.0,1116.0,164.8000030517578,H,173.5,-38.9,12.32,-7.74,14.55,-32.1
1327,22.2895,1197.0,1009.0,H,1068.0,1114.0,165.0,H,166.3,-39.1,11.75,-7.19,13.77,-31.5
1328,22.3063,1199.0,1007.0,H,1062.0,1116.0,165.0,H,175.1,-38.5,12.34,-7.15,14.26,-30.1
1329,22.3231,1201.0,1007.0,H,1070.0,1114.0,165.0,H,169.1,-39.2,12.17,-7.16,14.12,-30.5
1330,22.3399,1201.0,1007.0,H,1066.0,1120.0,165.0,H,176.1,-39.9,12.49,-7.56,14.6,-31.2
1331,22.3567,1197.0,1005.0,H,1066.0,1116.0,169.1999969482422,H,171.7,-40.3,12.11,-7.19,14.08,-30.7
1332,22.3735,1203.0,1007.0,H,1070.0,1114.0,164.8000030517578,H,170.7,-38.8,12.49,-8.1,14.89,-33.0
1333,22.3903,1203.0,1011.0,H,1066.0,1112.0,165.0,H,170.2,-36.4,12.32,-7.98,14.68,-32.9
1334,22.4071,1203.0,1007.0,H,1068.0,1112.0,165.0,H,171.0,-37.9,12.55,-8.07,14.92,-32.7
1335,22.4239,1201.0,1007.0,H,1066.0,1116.0,160.60000610351562,H,173.5,-38.9,12.02,-6.95,13.88,-30.0
1336,22.4407,1205.0,1011.0,H,1072.0,1116.0,165.0,H,169.5,-38.3,12.72,-7.2,14.61,-29.5
1337,22.4576,1203.0,1007.0,H,1070.0,1114.0,169.39999389648438,H,170.7,-38.8,12.16,-7.41,14.24,-31.4
1338,22.4744,1205.0,1007.0,H,1072.0,1116.0,165.0,H,172.0,-39.3,11.82,-7.12,13.79,-31.1
1339,22.4912,1205.0,1007.0,H,1072.0,1116.0,165.0,H,172.0,-39.3,10.05,-8.68,13.28,-40.8
1340,22.508,1203.0,1005.0,H,1068.0,1110.0,165.0,H,171.0,-37.9,12.29,-7.25,14.27,-30.6
1341,22.5248,1205.0,1007.0,H,1074.0,1112.0,165.0,H,167.9,-38.7,13.45,-6.49,14.94,-25.7
1342,22.5416,1203.0,1005.0,H,1070.0,1114.0,160.60000610351562,H,172.0,-39.3,12.13,-7.49,14.26,-31.7
1343,22.5584,1207.0,1007.0,H,1072.0,1116.0,165.0,H,173.5,-38.9,12.37,-7.46,14.44,-31.1
1344,22.5752,1209.0,1007.0,H,1070.0,1112.0,162.1999969482422,H,174.2,-37.1,12.69,-7.34,14.66,-30.0
1345,22.592,1209.0,1009.0,H,1074.0,1116.0,165.0,H,172.3,-38.4,12.03,-7.18,14.01,-30.8
1346,22.6088,1209.0,1009.0,H,1076.0,1110.0,165.0,H,167.0,-37.2,12.73,-7.33,14.69,-29.9
1347,22.6257,1209.0,1007.0,H,1074.0,1112.0,169.39999389648438,H,171.0,-37.9,12.27,-6.7,13.98,-28.7
1348,22.6425,1211.0,1009.0,H,1072.0,1110.0,160.60000610351562,H,171.8,-36.0,12.59,-8.41,15.14,-33.7
1349,22.6593,1213.0,1011.0,H,1072.0,1116.0,165.0,H,175.8,-36.7,12.42,-7.45,14.49,-31.0
1350,22.6761,1211.0,1011.0,H,1070.0,1108.0,165.0,H,171.1,-34.5,13.17,-7.15,14.98,-28.5
1351,22.6929,1213.0,1009.0,H,1070.0,1108.0,165.0,H,173.9,-34.7,13.2,-7.04,14.96,-28.1
1352,22.7097,1211.0,1013.0,H,1070.0,1110.0,165.0,H,171.1,-34.5,12.61,-7.53,14.69,-30.8
1353,22.7265,1213.0,1009.0,H,1070.0,1110.0,165.0,H,175.1,-35.2,13.11,-7.37,15.04,-29.3
1354,22.7433,1211.0,1011.0,H,1076.0,1114.0,165.0,H,169.8,-37.3,12.98,-6.74,14.63,-27.4
1355,22.7601,1215.0,1013.0,H,1070.0,1108.0,165.0,H,173.3,-33.2,12.91,-6.95,14.67,-28.3
1356,22.7769,1215.0,1011.0,H,1072.0,1112.0,160.60000610351562,H,175.1,-35.2,13.14,-6.99,14.89,-28.0
1357,22.7937,1215.0,1011.0,H,1070.0,1108.0,165.0,H,174.5,-33.8,12.62,-6.49,14.19,-27.2
1358,22.8106,1215.0,1011.0,H,1070.0,1110.0,165.0,H,175.6,-34.3,13.2,-7.48,15.17,-29.6
1359,22.8274,1215.0,1015.0,H,1070.0,1108.0,165.0,H,172.3,-32.7,12.63,-6.21,14.07,-26.2
1360,22.8442,1215.0,1015.0,H,1076.0,1114.0,165.0,H,170.7,-35.5,13.87,-7.08,15.58,-27.0
1361,22.861,1217.0,1017.0,H,1076.0,1114.0,165.0,H,171.1,-34.5,13.84,-7.72,15.85,-29.1
1362,22.8778,1217.0,1015.0,H,1076.0,1114.0,165.0,H,172.3,-35.1,14.1,-6.57,15.56,-25.0
1363,22.8946,1217.0,1017.0,H,1076.0,1114.0,165.0,H,171.1,-34.5,13.34,-6.51,14.84,-26.0
1364,22.9114,1217.0,1017.0,H,1070.0,1108.0,165.0,H,172.9,-31.8,13.48,-6.98,15.18,-27.4
1365,22.9282,1217.0,1019.0,H,1072.0,1106.0,165.0,H,169.1,-31.0,13.85,-7.3,15.66,-27.8
1366,22.945,1217.0,1019.0,H,1070.0,1108.0,165.0,H,171.8,-31.2,13.63,-6.63,15.16,-26.0
1367,22.9618,1221.0,1017.0,H,1070.0,1110.0,165.0,H,177.3,-31.6,14.53,-7.28,16.25,-26.6
1368,22.9787,1221.0,1019.0,H,1070.0,1110.0,165.0,H,176.3,-31.1,13.56,-6.76,15.16,-26.5
1369,22.9955,1219.0,1019.0,H,1076.0,1114.0,165.0,H,171.7,-33.6,14.39,-7.68,16.31,-28.1
1370,23.0123,1221.0,1019.0,H,1074.0,1110.0,162.1999969482422,H,172.9,-31.8,13.85,-7.28,15.64,-27.7
1371,23.0291,1221.0,1019.0,H,1074.0,1110.0,162.1999969482422,H,172.9,-31.8,13.84,-7.1,15.56,-27.2
1372,23.0459,1221.0,1021.0,H,1072.0,1114.0,164.8000030517578,H,175.6,-32.0,14.8,-7.17,16.44,-25.8
1373,23.0627,1221.0,1021.0,H,1074.0,1110.0,160.60000610351562,H,171.8,-31.2,13.94,-7.5,15.83,-28.3
1374,23.0795,1221.0,1021.0,H,1072.0,1108.0,165.0,H,172.5,-30.3,14.57,-7.13,16.22,-26.1
1375,23.0963,1221.0,1023.0,H,1076.0,1114.0,165.0,H,171.2,-32.1,13.62,-6.29,15.01,-24.8
1376,23.1131,1221.0,1023.0,H,1076.0,1114.0,165.0,H,171.2,-32.1,13.96,-6.52,15.41,-25.0
1377,23.1299,1223.0,1025.0,H,1078.0,1114.0,165.0,H,170.1,-31.5,13.65,-6.24,15.01,-24.5
1378,23.1467,1223.0,1025.0,H,1076.0,1110.0,161.8000030517578,H,169.8,-30.0,14.11,-6.42,15.5,-24.5
1379,23.1636,1223.0,1025.0,H,1076.0,1114.0,165.0,H,171.8,-31.2,14.73,-7.12,16.36,-25.8
1380,23.1804,1223.0,1027.0,H,1076.0,1110.0,169.0,H,168.8,-29.5,13.46,-5.63,14.59,-22.7
1381,23.1972,1223.0,1027.0,H,1074.0,1110.0,160.39999389648438,H,170.6,-29.1,13.7,-5.75,14.86,-22.8
1382,23.214,1223.0,1027.0,H,1076.0,1114.0,164.8000030517578,H,170.8,-30.6,14.51,-6.82,16.03,-25.2
1383,23.2308,1223.0,1029.0,H,1076.0,1114.0,164.8000030517578,H,169.8,-30.0,14.72,-6.56,16.12,-24.0
1384,23.2476,1225.0,1031.0,H,1072.0,1108.0,165.0,H,171.3,-26.7,13.58,-5.42,14.62,-21.8
1385,23.2644,1227.0,1031.0,H,1074.0,1106.0,165.0,H,170.4,-26.1,13.6,-5.51,14.68,-22.1
1386,23.2812,1229.0,1035.0,H,1072.0,1108.0,165.0,H,173.1,-24.9,14.01,-5.89,15.2,-22.8
1387,23.298,1231.0,1039.0,H,1076.0,1110.0,160.60000610351562,H,170.5,-24.6,14.14,-4.97,14.98,-19.4
1388,23.3148,1233.0,1043.0,H,1074.0,1110.0,160.60000610351562,H,172.5,-22.8,14.4,-5.12,15.29,-19.6
1389,23.3317,1235.0,1051.0,H,1074.0,1114.0,165.0,H,172.9,-21.4,15.27,-5.93,16.38,-21.2
1390,23.3485,1237.0,1049.0,H,1078.0,1114.0,165.0,H,171.8,-22.2,15.09,-5.16,15.95,-18.9
1391,23.3653,1241.0,1055.0,H,1078.0,1108.0,169.39999389648438,H,171.4,-18.0,14.81,-4.79,15.56,-17.9
1392,23.3821,1243.0,1061.0,H,1082.0,1108.0,165.0,H,167.7,-16.3,14.67,-3.33,15.05,-12.8
1393,23.3989,1245.0,1063.0,H,1078.0,1110.0,160.60000610351562,H,173.5,-15.7,16.41,-5.3,17.25,-17.9
1394,23.4157,1247.0,1069.0,H,1080.0,1112.0,165.0,H,172.4,-14.4,15.57,-4.68,16.26,-16.7
1395,23.4325,1249.0,1073.0,H,1086.0,1108.0,165.0,H,166.7,-12.1,15.09,-5.07,15.92,-18.6
1396,23.4493,1251.0,1077.0,H,1078.0,1110.0,165.0,H,176.1,-10.8,15.45,-3.41,15.82,-12.4
1397,23.4661,1251.0,1079.0,H,1088.0,1106.0,165.0,H,165.2,-9.4,15.4,-3.23,15.73,-11.8
1398,23.4829,1253.0,1085.0,H,1086.0,1108.0,169.0,H,168.6,-7.8,15.71,-4.01,16.21,-14.3
1399,23.4997,1255.0,1089.0,H,1086.0,1108.0,160.39999389648438,H,170.1,-6.4,15.01,-2.79,15.27,-10.5
1400,23.5166,1259.0,1095.0,H,1088.0,1108.0,160.60000610351562,H,171.5,-4.3,17.2,-3.26,17.51,-10.7
1401,23.5334,1259.0,1097.0,H,1088.0,1106.0,160.60000610351562,H,171.2,-3.0,18.88,-1.82,18.97,-5.5
1402,23.5502,1259.0,1101.0,H,1090.0,1106.0,162.0,H,169.1,-1.7,19.18,-1.9,19.27,-5.7
1403,23.567,1259.0,1107.0,H,1090.0,1106.0,162.0,H,169.0,0.3,16.8,-1.69,16.89,-5.7
1404,23.5838,364.0,1724.0,T,nan,nan,nan,,nan,nan,17.19,-1.79,17.29,-6.0
1405,23.6006,344.0,1726.0,T,nan,nan,nan,,nan,nan,17.69,-1.01,17.71,-3.3
1406,23.6174,328.0,1726.0,T,nan,nan,nan,,nan,nan,16.5,-0.83,16.52,-2.9
1407,23.6342,312.0,1726.0,T,nan,nan,nan,,nan,nan,17.89,0.07,17.89,0.2
1408,23.651,296.0,1726.0,T,nan,nan,nan,,nan,nan,17.7,-0.51,17.7,-1.7
1409,23.6678,280.0,1726.0,T,nan,nan,nan,,nan,nan,17.7,-0.36,17.71,-1.2
1410,23.6847,264.0,1726.0,T,nan,nan,nan,,nan,nan,17.02,-0.26,17.02,-0.9
1411,23.7015,246.0,1726.0,T,nan,nan,nan,,nan,nan,16.8,0.04,16.8,0.1
1412,23.7183,228.0,1726.0,T,nan,nan,nan,,nan,nan,17.04,0.24,17.04,0.8
1413,23.7351,212.0,1724.0,T,nan,nan,nan,,nan,nan,16.63,0.16,16.63,0.6
1414,23.7519,200.0,1724.0,T,nan,nan,nan,,nan,nan,17.77,0.48,17.77,1.5
1415,23.7687,178.0,1722.0,T,nan,nan,nan,,nan,nan,17.0,0.48,17.01,1.6
1416,23.7855,162.0,1722.0,T,nan,nan,nan,,nan,nan,16.59,0.58,16.6,2.0
1417,23.8023,146.0,1720.0,T,nan,nan,nan,,nan,nan,16.53,0.65,16.54,2.3
1418,23.8191,126.0,1720.0,T,nan,nan,nan,,nan,nan,17.05,0.69,17.06,2.3
1419,23.8359,116.0,1718.0,T,nan,nan,nan,,nan,nan,17.41,0.74,17.43,2.4
1420,23.8527,432.0,2160.0,T,nan,nan,nan,,nan,nan,16.2,0.85,16.22,3.0
1421,23.8696,404.0,2158.0,T,nan,nan,nan,,nan,nan,17.79,1.04,17.82,3.3
1422,23.8864,374.0,2154.0,T,nan,nan,nan,,nan,nan,17.88,0.9,17.9,2.9
1423,23.9032,346.0,2152.0,T,nan,nan,nan,,nan,nan,17.87,1.51,17.94,4.8
1424,23.92,318.0,2150.0,T,nan,nan,nan,,nan,nan,16.74,1.12,16.78,3.8
1425,23.9368,288.0,2148.0,T,nan,nan,nan,,nan,nan,16.98,0.99,17.0,3.3
1426,23.9536,258.0,2144.0,T,nan,nan,nan,,nan,nan,18.21,1.67,18.29,5.2
1427,23.9704,234.0,2142.0,T,nan,nan,nan,,nan,nan,16.7,0.64,16.71,2.2
1428,23.9872,206.0,2140.0,T,nan,nan,nan,,nan,nan,16.8,0.5,16.81,1.7
1429,24.004,176.0,2136.0,T,nan,nan,nan,,nan,nan,17.32,1.32,17.37,4.4
1430,24.0208,148.0,2134.0,T,nan,nan,nan,,nan,nan,16.69,0.97,16.72,3.3
1431,24.0377,122.0,2132.0,T,nan,nan,nan,,nan,nan,17.65,1.25,17.7,4.0
1432,24.0545,1259.0,1149.0,H,1096.0,1106.0,160.60000610351562,H,168.6,14.8,17.59,1.94,17.7,6.3
1433,24.0713,1257.0,1165.0,H,1100.0,1108.0,168.8000030517578,H,167.0,20.0,18.11,3.07,18.37,9.6
1434,24.0881,1249.0,1199.0,H,1100.0,1110.0,161.60000610351562,H,173.6,30.9,17.49,3.35,17.81,10.8
1435,24.1049,1241.0,1197.0,H,1100.0,1104.0,164.39999389648438,H,168.9,33.4,16.24,3.63,16.64,12.6
1436,24.1217,1233.0,1209.0,H,1098.0,1110.0,164.8000030517578,H,167.4,36.3,17.25,4.39,17.8,14.3
1437,24.1385,1227.0,1217.0,H,1106.0,1110.0,164.39999389648438,H,161.5,41.5,17.09,6.18,18.17,19.9
1438,24.1553,1221.0,1223.0,H,1104.0,1108.0,166.8000030517578,H,164.1,44.5,16.24,5.8,17.25,19.7
1439,24.1721,1213.0,1233.0,H,1104.0,1110.0,168.1999969482422,H,164.3,48.5,16.26,6.7,17.59,22.4
1440,24.1889,1209.0,1241.0,H,1110.0,1114.0,164.60000610351562,H,161.0,52.1,14.69,7.3,16.41,26.4
1441,24.2057,1207.0,1247.0,H,1106.0,1118.0,164.60000610351562,H,163.8,51.9,14.59,8.27,16.77,29.6
1442,24.2226,1207.0,1253.0,H,1112.0,1120.0,168.60000610351562,H,163.4,54.5,14.49,9.85,17.53,34.2
1443,24.2394,1205.0,1261.0,H,1118.0,1126.0,169.1999969482422,H,160.6,57.2,13.53,10.15,16.92,36.9
1444,24.2562,1203.0,1271.0,H,1120.0,1130.0,167.8000030517578,H,163.6,59.5,12.81,10.0,16.25,38.0
1445,24.273,1201.0,1281.0,H,1124.0,1136.0,167.60000610351562,H,164.2,62.0,11.94,10.41,15.84,41.1
1446,24.2898,1197.0,1291.0,H,1132.0,1144.0,164.39999389648438,H,160.7,66.1,11.38,10.71,15.63,43.2
1447,24.3066,1191.0,1305.0,H,1130.0,1152.0,161.60000610351562,H,164.7,68.3,12.3,12.98,17.88,46.5
1448,24.3234,1181.0,1319.0,H,1132.0,1166.0,164.8000030517578,H,160.7,72.2,11.72,13.5,17.88,49.0
1449,24.3402,1171.0,1333.0,H,1140.0,1174.0,161.60000610351562,H,162.0,79.0,10.03,13.73,17.0,53.9
1450,24.357,1159.0,1351.0,H,1142.0,1190.0,169.0,H,161.9,84.0,8.9,12.12,15.03,53.7
1451,24.3738,1147.0,1369.0,H,1142.0,1206.0,164.60000610351562,H,163.1,88.2,6.92,13.37,15.06,62.6
1452,24.3907,1139.0,1387.0,H,1148.0,1224.0,160.39999389648438,H,163.2,93.2,7.27,13.87,15.66,62.4
1453,24.4075,1129.0,1409.0,H,1146.0,1246.0,161.39999389648438,H,163.9,96.0,4.99,12.99,13.92,69.0
1454,24.4243,1115.0,1425.0,H,1150.0,1268.0,164.8000030517578,H,160.9,102.6,4.16,12.95,13.6,72.2
1455,24.4411,1109.0,1447.0,H,1142.0,1290.0,169.1999969482422,H,160.4,101.9,3.28,14.48,14.85,77.2
1456,24.4579,1097.0,1465.0,H,1140.0,1310.0,161.1999969482422,H,160.9,105.5,1.33,15.11,15.17,85.0
1457,24.4747,1087.0,1483.0,H,1136.0,1330.0,161.39999389648438,H,160.7,107.8,0.7,13.88,13.89,87.1
1458,24.4915,1083.0,1499.0,H,1130.0,1348.0,162.8000030517578,H,158.1,107.3,-0.13,12.05,12.05,90.6
1459,24.5083,1079.0,1513.0,H,1128.0,1360.0,162.39999389648438,H,160.7,107.8,-1.31,12.95,13.01,95.8
1460,24.5251,1075.0,1523.0,H,1124.0,1370.0,161.8000030517578,H,160.7,107.8,-1.26,11.91,11.98,96.1
1461,24.5419,1073.0,1529.0,H,1126.0,1374.0,160.39999389648438,H,163.8,108.9,-2.14,12.12,12.31,100.0
1462,24.5587,1075.0,1535.0,H,1124.0,1380.0,161.60000610351562,H,162.6,107.5,-2.47,12.32,12.57,101.3
1463,24.5756,1073.0,1537.0,H,1120.0,1384.0,162.8000030517578,H,160.1,107.1,-1.82,12.73,12.86,98.2
1464,24.5924,1075.0,1543.0,H,1122.0,1386.0,160.1999969482422,H,163.9,106.7,-2.38,11.7,11.94,101.5
1465,24.6092,1075.0,1545.0,H,1116.0,1390.0,164.8000030517578,H,160.3,104.8,-3.15,12.15,12.55,104.6
1466,24.626,1073.0,1553.0,H,1118.0,1396.0,161.60000610351562,H,163.3,106.0,-2.05,11.44,11.63,100.2
1467,24.6428,1073.0,1559.0,H,1112.0,1402.0,165.0,H,161.8,104.0,-2.42,11.95,12.2,101.4
1468,24.6596,1071.0,1563.0,H,1114.0,1408.0,162.1999969482422,H,160.9,105.5,-2.18,11.23,11.44,101.0
1469,24.6764,1069.0,1571.0,H,1114.0,1414.0,162.39999389648438,H,163.3,106.0,-2.52,11.71,11.98,102.2
1470,24.6932,1071.0,1575.0,H,1112.0,1416.0,160.39999389648438,H,164.2,104.5,-2.67,11.2,11.51,103.4
1471,24.71,1073.0,1579.0,H,1106.0,1420.0,164.60000610351562,H,162.4,101.7,-2.33,11.57,11.8,101.4
1472,24.7268,1073.0,1583.0,H,1110.0,1426.0,160.39999389648438,H,161.3,103.3,-2.73,10.96,11.29,104.0
1473,24.7437,1075.0,1591.0,H,1108.0,1428.0,165.0,H,166.3,101.4,-2.56,11.88,12.16,102.2
1474,24.7605,659.0,2143.0,H,658.0,2150.0,168.1999969482422,H,7.1,-81.9,-2.35,12.95,13.16,100.3
1475,24.7773,659.0,2143.0,H,660.0,2150.0,168.1999969482422,H,7.1,-98.1,-1.26,5.06,5.21,104.0
1476,24.7941,661.0,2141.0,H,660.0,2150.0,168.1999969482422,H,9.1,-83.7,-0.82,3.0,3.11,105.2
1477,24.8109,661.0,2141.0,H,658.0,2150.0,168.1999969482422,H,9.5,-71.6,-0.81,2.85,2.96,105.8
1478,24.8277,661.0,2141.0,H,658.0,2150.0,168.1999969482422,H,9.5,-71.6,-0.44,2.76,2.79,99.0
1479,24.8445,661.0,2141.0,H,658.0,2150.0,168.1999969482422,H,9.5,-71.6,-0.61,2.59,2.66,103.4
1480,24.8613,661.0,2141.0,H,662.0,2152.0,164.39999389648438,H,11.0,-95.2,-0.4,2.37,2.4,99.5
1481,24.8781,661.0,2141.0,H,662.0,2152.0,164.39999389648438,H,11.0,-95.2,-0.44,2.3,2.35,100.9
1482,24.8949,661.0,2141.0,H,660.0,2150.0,168.1999969482422,H,9.1,-83.7,-0.31,2.3,2.32,97.6
1483,24.9117,661.0,2141.0,H,656.0,2152.0,164.1999969482422,H,12.1,-65.6,-0.33,2.08,2.1,98.9
1484,24.9286,661.0,2141.0,H,658.0,2150.0,168.1999969482422,H,9.5,-71.6,-0.39,2.2,2.24,100.0
1485,24.9454,661.0,2141.0,H,658.0,2150.0,168.1999969482422,H,9.5,-71.6,0.18,2.17,2.18,85.3
1486,24.9622,661.0,2141.0,H,658.0,2150.0,168.1999969482422,H,9.5,-71.6,-0.57,1.69,1.78,108.6
1487,24.979,661.0,2141.0,H,658.0,2150.0,168.1999969482422,H,9.5,-71.6,-0.48,1.24,1.33,111.0
1488,24.9958,661.0,2141.0,H,658.0,2150.0,168.1999969482422,H,9.5,-71.6,-0.3,1.63,1.66,100.3
1489,25.0126,659.0,2143.0,H,658.0,2150.0,168.1999969482422,H,7.1,-81.9,-0.4,1.57,1.62,104.3
1490,25.0294,659.0,2143.0,H,660.0,2150.0,168.1999969482422,H,7.1,-98.1,-0.1,1.63,1.64,93.4
1491,25.0462,659.0,2143.0,H,658.0,2150.0,168.1999969482422,H,7.1,-81.9,-0.41,1.5,1.55,105.2
1492,25.063,659.0,2143.0,H,660.0,2150.0,168.1999969482422,H,7.1,-98.1,0.19,1.73,1.74,83.7
1493,25.0798,659.0,2143.0,H,658.0,2150.0,168.1999969482422,H,7.1,-81.9,-0.12,1.0,1.01,96.9
1494,25.0967,659.0,2143.0,H,658.0,2150.0,168.1999969482422,H,7.1,-81.9,-0.05,1.05,1.05,92.6
1495,25.1135,659.0,2143.0,H,658.0,2150.0,168.1999969482422,H,7.1,-81.9,-0.12,1.02,1.02,96.9
1496,25.1303,661.0,2141.0,H,658.0,2150.0,168.1999969482422,H,9.5,-71.6,-0.12,0.89,0.9,97.9
1497,25.1471,661.0,2141.0,H,658.0,2150.0,168.1999969482422,H,9.5,-71.6,-0.16,0.96,0.98,99.7
1498,25.1639,659.0,2143.0,H,658.0,2150.0,168.1999969482422,H,7.1,-81.9,-0.25,0.86,0.9,106.3
1499,25.1807,659.0,2143.0,H,658.0,2150.0,168.1999969482422,H,7.1,-81.9,-0.37,0.68,0.78,118.3
1500,25.1975,659.0,2143.0,H,658.0,2150.0,168.1999969482422,H,7.1,-81.9,-0.35,0.7,0.78,116.9
1501,25.2143,659.0,2143.0,H,658.0,2150.0,168.1999969482422,H,7.1,-81.9,-0.49,0.5,0.7,134.2
1502,25.2311,661.0,2141.0,H,658.0,2150.0,168.1999969482422,H,9.5,-71.6,-0.42,0.44,0.61,134.0
1503,25.2479,659.0,2143.0,H,658.0,2150.0,168.1999969482422,H,7.1,-81.9,-0.44,0.33,0.55,143.3
1504,25.2648,659.0,2143.0,H,660.0,2150.0,168.1999969482422,H,7.1,-98.1,-0.38,0.36,0.53,136.6
1505,25.2816,659.0,2143.0,H,660.0,2150.0,168.1999969482422,H,7.1,-98.1,-0.49,0.34,0.6,145.0
1506,25.2984,659.0,2143.0,H,658.0,2150.0,168.1999969482422,H,7.1,-81.9,-0.41,0.24,0.48,149.3
1507,25.3152,659.0,2143.0,H,658.0,2150.0,168.1999969482422,H,7.1,-81.9,-0.38,0.25,0.45,146.3
1508,25.332,659.0,2143.0,H,658.0,2150.0,168.1999969482422,H,7.1,-81.9,-0.38,0.26,0.46,145.9
1509,25.3488,659.0,2143.0,H,658.0,2150.0,168.1999969482422,H,7.1,-81.9,-0.38,0.23,0.44,148.5
1510,25.3656,659.0,2143.0,H,658.0,2150.0,168.1999969482422,H,7.1,-81.9,-0.38,0.24,0.45,147.5
1511,25.3824,659.0,2143.0,H,658.0,2150.0,168.1999969482422,H,7.1,-81.9,0.03,0.23,0.23,81.5
1512,25.3992,659.0,2143.0,H,658.0,2146.0,164.39999389648438,H,3.2,-71.6,-0.41,0.33,0.53,140.9
1513,25.416,659.0,2143.0,H,658.0,2154.0,164.39999389648438,H,11.0,-84.8,-0.13,0.08,0.16,148.9
1514,25.4328,659.0,2143.0,H,658.0,2154.0,164.39999389648438,H,11.0,-84.8,-0.0,0.0,0.0,131.9
1515,25.4497,661.0,2145.0,H,nan,nan,nan,,nan,nan,,,,
1516,25.4665,260.0,1352.0,T,nan,nan,nan,,nan,nan,,,,
1517,25.4833,798.0,2014.0,T,nan,nan,nan,,nan,nan,,,,
1518,25.5001,796.0,2056.0,T,nan,nan,nan,,nan,nan,-0.11,-39.34,39.34,-90.2
1519,25.5169,794.0,2088.0,T,nan,nan,nan,,nan,nan,-0.85,-28.78,28.8,-91.7
1520,25.5337,794.0,2088.0,T,nan,nan,nan,,nan,nan,-0.0,-0.0,0.0,-180.0
1521,25.5505,798.0,1554.0,T,nan,nan,nan,,nan,nan,-0.41,-20.12,20.12,-91.2
1522,25.5673,796.0,1566.0,T,nan,nan,nan,,nan,nan,-0.33,-12.57,12.57,-91.5
1523,25.5841,799.0,1239.0,H,nan,nan,nan,,nan,nan,-0.12,-6.61,6.61,-91.0
1524,25.6009,787.0,1237.0,H,nan,nan,nan,,nan,nan,0.1,-1.5,1.5,-86.3
